scheme,delta,pair_index,abs_angle_rad
"RoPE, base=10000",1,0,1.0
"RoPE, base=10000",1,1,0.7498942093324559
"RoPE, base=10000",1,2,0.5623413251903491
"RoPE, base=10000",1,3,0.4216965034285823
"RoPE, base=10000",1,4,0.31622776601683794
"RoPE, base=10000",1,5,0.23713737056616555
"RoPE, base=10000",1,6,0.17782794100389226
"RoPE, base=10000",1,7,0.1333521432163324
"RoPE, base=10000",1,8,0.1
"RoPE, base=10000",1,9,0.07498942093324558
"RoPE, base=10000",1,10,0.056234132519034905
"RoPE, base=10000",1,11,0.042169650342858224
"RoPE, base=10000",1,12,0.03162277660168379
"RoPE, base=10000",1,13,0.02371373705661655
"RoPE, base=10000",1,14,0.01778279410038923
"RoPE, base=10000",1,15,0.01333521432163324
"RoPE, base=10000",1,16,0.01
"RoPE, base=10000",1,17,0.007498942093324559
"RoPE, base=10000",1,18,0.005623413251903491
"RoPE, base=10000",1,19,0.004216965034285823
"RoPE, base=10000",1,20,0.003162277660168379
"RoPE, base=10000",1,21,0.002371373705661655
"RoPE, base=10000",1,22,0.001778279410038923
"RoPE, base=10000",1,23,0.001333521432163324
"RoPE, base=10000",1,24,0.001
"RoPE, base=10000",1,25,0.0007498942093324557
"RoPE, base=10000",1,26,0.0005623413251903491
"RoPE, base=10000",1,27,0.0004216965034285823
"RoPE, base=10000",1,28,0.00031622776601683794
"RoPE, base=10000",1,29,0.00023713737056616554
"RoPE, base=10000",1,30,0.00017782794100389227
"RoPE, base=10000",1,31,0.0001333521432163324
"RoPE, base=10000",8,0,8.0
"RoPE, base=10000",8,1,5.999153674659647
"RoPE, base=10000",8,2,4.498730601522793
"RoPE, base=10000",8,3,3.3735720274286582
"RoPE, base=10000",8,4,2.5298221281347035
"RoPE, base=10000",8,5,1.8970989645293244
"RoPE, base=10000",8,6,1.4226235280311381
"RoPE, base=10000",8,7,1.0668171457306592
"RoPE, base=10000",8,8,0.8
"RoPE, base=10000",8,9,0.5999153674659646
"RoPE, base=10000",8,10,0.44987306015227924
"RoPE, base=10000",8,11,0.3373572027428658
"RoPE, base=10000",8,12,0.25298221281347033
"RoPE, base=10000",8,13,0.1897098964529324
"RoPE, base=10000",8,14,0.14226235280311383
"RoPE, base=10000",8,15,0.10668171457306592
"RoPE, base=10000",8,16,0.08
"RoPE, base=10000",8,17,0.05999153674659647
"RoPE, base=10000",8,18,0.04498730601522793
"RoPE, base=10000",8,19,0.03373572027428658
"RoPE, base=10000",8,20,0.02529822128134703
"RoPE, base=10000",8,21,0.01897098964529324
"RoPE, base=10000",8,22,0.014226235280311384
"RoPE, base=10000",8,23,0.010668171457306592
"RoPE, base=10000",8,24,0.008
"RoPE, base=10000",8,25,0.005999153674659646
"RoPE, base=10000",8,26,0.004498730601522793
"RoPE, base=10000",8,27,0.0033735720274286583
"RoPE, base=10000",8,28,0.0025298221281347035
"RoPE, base=10000",8,29,0.0018970989645293243
"RoPE, base=10000",8,30,0.0014226235280311382
"RoPE, base=10000",8,31,0.0010668171457306592
"RoPE, base=10000",23,0,23.0
"RoPE, base=10000",23,1,17.247566814646486
"RoPE, base=10000",23,2,12.933850479378028
"RoPE, base=10000",23,3,9.699019578857392
"RoPE, base=10000",23,4,7.273238618387273
"RoPE, base=10000",23,5,5.454159523021808
"RoPE, base=10000",23,6,4.0900426430895225
"RoPE, base=10000",23,7,3.0670992939756454
"RoPE, base=10000",23,8,2.3000000000000003
"RoPE, base=10000",23,9,1.7247566814646482
"RoPE, base=10000",23,10,1.2933850479378028
"RoPE, base=10000",23,11,0.9699019578857392
"RoPE, base=10000",23,12,0.7273238618387272
"RoPE, base=10000",23,13,0.5454159523021807
"RoPE, base=10000",23,14,0.40900426430895226
"RoPE, base=10000",23,15,0.30670992939756453
"RoPE, base=10000",23,16,0.23
"RoPE, base=10000",23,17,0.17247566814646484
"RoPE, base=10000",23,18,0.12933850479378028
"RoPE, base=10000",23,19,0.09699019578857393
"RoPE, base=10000",23,20,0.07273238618387272
"RoPE, base=10000",23,21,0.054541595230218065
"RoPE, base=10000",23,22,0.040900426430895226
"RoPE, base=10000",23,23,0.030670992939756454
"RoPE, base=10000",23,24,0.023
"RoPE, base=10000",23,25,0.01724756681464648
"RoPE, base=10000",23,26,0.012933850479378029
"RoPE, base=10000",23,27,0.009699019578857392
"RoPE, base=10000",23,28,0.007273238618387272
"RoPE, base=10000",23,29,0.005454159523021807
"RoPE, base=10000",23,30,0.004090042643089522
"RoPE, base=10000",23,31,0.0030670992939756453
"RoPE, base=10000",67,0,67.0
"RoPE, base=10000",67,1,50.24291202527454
"RoPE, base=10000",67,2,37.676868787753385
"RoPE, base=10000",67,3,28.253665729715014
"RoPE, base=10000",67,4,21.187260323128143
"RoPE, base=10000",67,5,15.888203827933092
"RoPE, base=10000",67,6,11.914472047260782
"RoPE, base=10000",67,7,8.93459359549427
"RoPE, base=10000",67,8,6.7
"RoPE, base=10000",67,9,5.024291202527454
"RoPE, base=10000",67,10,3.7676868787753386
"RoPE, base=10000",67,11,2.825366572971501
"RoPE, base=10000",67,12,2.118726032312814
"RoPE, base=10000",67,13,1.588820382793309
"RoPE, base=10000",67,14,1.1914472047260785
"RoPE, base=10000",67,15,0.8934593595494271
"RoPE, base=10000",67,16,0.67
"RoPE, base=10000",67,17,0.5024291202527454
"RoPE, base=10000",67,18,0.37676868787753387
"RoPE, base=10000",67,19,0.28253665729715016
"RoPE, base=10000",67,20,0.2118726032312814
"RoPE, base=10000",67,21,0.1588820382793309
"RoPE, base=10000",67,22,0.11914472047260784
"RoPE, base=10000",67,23,0.08934593595494271
"RoPE, base=10000",67,24,0.067
"RoPE, base=10000",67,25,0.05024291202527453
"RoPE, base=10000",67,26,0.03767686878775339
"RoPE, base=10000",67,27,0.028253665729715015
"RoPE, base=10000",67,28,0.02118726032312814
"RoPE, base=10000",67,29,0.01588820382793309
"RoPE, base=10000",67,30,0.011914472047260783
"RoPE, base=10000",67,31,0.008934593595494271
"RoPE, base=10000",192,0,192.0
"RoPE, base=10000",192,1,143.97968819183154
"RoPE, base=10000",192,2,107.96953443654702
"RoPE, base=10000",192,3,80.9657286582878
"RoPE, base=10000",192,4,60.71573107523288
"RoPE, base=10000",192,5,45.53037514870378
"RoPE, base=10000",192,6,34.14296467274731
"RoPE, base=10000",192,7,25.603611497535823
"RoPE, base=10000",192,8,19.200000000000003
"RoPE, base=10000",192,9,14.397968819183152
"RoPE, base=10000",192,10,10.7969534436547
"RoPE, base=10000",192,11,8.09657286582878
"RoPE, base=10000",192,12,6.071573107523288
"RoPE, base=10000",192,13,4.553037514870377
"RoPE, base=10000",192,14,3.414296467274732
"RoPE, base=10000",192,15,2.5603611497535823
"RoPE, base=10000",192,16,1.92
"RoPE, base=10000",192,17,1.4397968819183153
"RoPE, base=10000",192,18,1.0796953443654702
"RoPE, base=10000",192,19,0.8096572865828779
"RoPE, base=10000",192,20,0.6071573107523287
"RoPE, base=10000",192,21,0.4553037514870377
"RoPE, base=10000",192,22,0.3414296467274732
"RoPE, base=10000",192,23,0.2560361149753582
"RoPE, base=10000",192,24,0.192
"RoPE, base=10000",192,25,0.1439796881918315
"RoPE, base=10000",192,26,0.10796953443654703
"RoPE, base=10000",192,27,0.0809657286582878
"RoPE, base=10000",192,28,0.060715731075232884
"RoPE, base=10000",192,29,0.04553037514870378
"RoPE, base=10000",192,30,0.034142964672747314
"RoPE, base=10000",192,31,0.02560361149753582
"RoPE, base=10000",549,0,549.0
"RoPE, base=10000",549,1,411.6919209235183
"RoPE, base=10000",549,2,308.72538752950163
"RoPE, base=10000",549,3,231.51138038229166
"RoPE, base=10000",549,4,173.60904354324404
"RoPE, base=10000",549,5,130.18841644082488
"RoPE, base=10000",549,6,97.62753961113685
"RoPE, base=10000",549,7,73.21032662576648
"RoPE, base=10000",549,8,54.900000000000006
"RoPE, base=10000",549,9,41.16919209235182
"RoPE, base=10000",549,10,30.872538752950163
"RoPE, base=10000",549,11,23.151138038229163
"RoPE, base=10000",549,12,17.3609043543244
"RoPE, base=10000",549,13,13.018841644082487
"RoPE, base=10000",549,14,9.762753961113686
"RoPE, base=10000",549,15,7.321032662576649
"RoPE, base=10000",549,16,5.49
"RoPE, base=10000",549,17,4.116919209235183
"RoPE, base=10000",549,18,3.0872538752950165
"RoPE, base=10000",549,19,2.315113803822917
"RoPE, base=10000",549,20,1.73609043543244
"RoPE, base=10000",549,21,1.3018841644082486
"RoPE, base=10000",549,22,0.9762753961113687
"RoPE, base=10000",549,23,0.7321032662576649
"RoPE, base=10000",549,24,0.549
"RoPE, base=10000",549,25,0.4116919209235182
"RoPE, base=10000",549,26,0.3087253875295016
"RoPE, base=10000",549,27,0.2315113803822917
"RoPE, base=10000",549,28,0.17360904354324402
"RoPE, base=10000",549,29,0.13018841644082488
"RoPE, base=10000",549,30,0.09762753961113686
"RoPE, base=10000",549,31,0.07321032662576649
"RoPE, base=10000",1570,0,1570.0
"RoPE, base=10000",1570,1,1177.3339086519557
"RoPE, base=10000",1570,2,882.875880548848
"RoPE, base=10000",1570,3,662.0635103828741
"RoPE, base=10000",1570,4,496.47759264643554
"RoPE, base=10000",1570,5,372.3056717888799
"RoPE, base=10000",1570,6,279.18986737611084
"RoPE, base=10000",1570,7,209.36286484964188
"RoPE, base=10000",1570,8,157.0
"RoPE, base=10000",1570,9,117.73339086519556
"RoPE, base=10000",1570,10,88.2875880548848
"RoPE, base=10000",1570,11,66.20635103828741
"RoPE, base=10000",1570,12,49.647759264643554
"RoPE, base=10000",1570,13,37.23056717888798
"RoPE, base=10000",1570,14,27.91898673761109
"RoPE, base=10000",1570,15,20.93628648496419
"RoPE, base=10000",1570,16,15.700000000000001
"RoPE, base=10000",1570,17,11.773339086519558
"RoPE, base=10000",1570,18,8.82875880548848
"RoPE, base=10000",1570,19,6.620635103828742
"RoPE, base=10000",1570,20,4.964775926464355
"RoPE, base=10000",1570,21,3.7230567178887983
"RoPE, base=10000",1570,22,2.791898673761109
"RoPE, base=10000",1570,23,2.0936286484964186
"RoPE, base=10000",1570,24,1.57
"RoPE, base=10000",1570,25,1.1773339086519554
"RoPE, base=10000",1570,26,0.8828758805488481
"RoPE, base=10000",1570,27,0.6620635103828741
"RoPE, base=10000",1570,28,0.49647759264643554
"RoPE, base=10000",1570,29,0.3723056717888799
"RoPE, base=10000",1570,30,0.27918986737611085
"RoPE, base=10000",1570,31,0.20936286484964187
"RoPE, base=10000",4493,0,4493.0
"RoPE, base=10000",4493,1,3369.274682530724
"RoPE, base=10000",4493,2,2526.599574080238
"RoPE, base=10000",4493,3,1894.68238990462
"RoPE, base=10000",4493,4,1420.811352713653
"RoPE, base=10000",4493,5,1065.4582059537818
"RoPE, base=10000",4493,6,798.9809389304879
"RoPE, base=10000",4493,7,599.1511794709814
"RoPE, base=10000",4493,8,449.3
"RoPE, base=10000",4493,9,336.9274682530724
"RoPE, base=10000",4493,10,252.6599574080238
"RoPE, base=10000",4493,11,189.468238990462
"RoPE, base=10000",4493,12,142.08113527136527
"RoPE, base=10000",4493,13,106.54582059537816
"RoPE, base=10000",4493,14,79.89809389304881
"RoPE, base=10000",4493,15,59.91511794709815
"RoPE, base=10000",4493,16,44.93
"RoPE, base=10000",4493,17,33.69274682530724
"RoPE, base=10000",4493,18,25.265995740802385
"RoPE, base=10000",4493,19,18.9468238990462
"RoPE, base=10000",4493,20,14.208113527136527
"RoPE, base=10000",4493,21,10.654582059537816
"RoPE, base=10000",4493,22,7.989809389304881
"RoPE, base=10000",4493,23,5.991511794709815
"RoPE, base=10000",4493,24,4.493
"RoPE, base=10000",4493,25,3.369274682530724
"RoPE, base=10000",4493,26,2.5265995740802385
"RoPE, base=10000",4493,27,1.8946823899046203
"RoPE, base=10000",4493,28,1.4208113527136528
"RoPE, base=10000",4493,29,1.0654582059537818
"RoPE, base=10000",4493,30,0.7989809389304879
"RoPE, base=10000",4493,31,0.5991511794709814
"YaRN, scale=32",1,0,1.0
"YaRN, scale=32",1,1,0.7498942093324559
"YaRN, scale=32",1,2,0.5623413251903491
"YaRN, scale=32",1,3,0.4216965034285823
"YaRN, scale=32",1,4,0.31622776601683794
"YaRN, scale=32",1,5,0.23713737056616555
"YaRN, scale=32",1,6,0.17782794100389226
"YaRN, scale=32",1,7,0.1333521432163324
"YaRN, scale=32",1,8,0.1
"YaRN, scale=32",1,9,0.06940126696947008
"YaRN, scale=32",1,10,0.04785308392244797
"YaRN, scale=32",1,11,0.032742300626786555
"YaRN, scale=32",1,12,0.022196756653104967
"YaRN, scale=32",1,13,0.01487808983600221
"YaRN, scale=32",1,14,0.009831833276657506
"YaRN, scale=32",1,15,0.006379104927896671
"YaRN, scale=32",1,16,0.0040384615384615385
"YaRN, scale=32",1,17,0.0024696035259265977
"YaRN, scale=32",1,18,0.0014328889536100238
"YaRN, scale=32",1,19,0.0007602701383928768
"YaRN, scale=32",1,20,0.0003344716755947322
"YaRN, scale=32",1,21,7.410542830192672e-05
"YaRN, scale=32",1,22,5.557123156371634e-05
"YaRN, scale=32",1,23,4.167254475510388e-05
"YaRN, scale=32",1,24,3.125e-05
"YaRN, scale=32",1,25,2.3434194041639242e-05
"YaRN, scale=32",1,26,1.757316641219841e-05
"YaRN, scale=32",1,27,1.3178015732143197e-05
"YaRN, scale=32",1,28,9.882117688026186e-06
"YaRN, scale=32",1,29,7.410542830192673e-06
"YaRN, scale=32",1,30,5.5571231563716334e-06
"YaRN, scale=32",1,31,4.167254475510387e-06
"YaRN, scale=32",8,0,8.0
"YaRN, scale=32",8,1,5.999153674659647
"YaRN, scale=32",8,2,4.498730601522793
"YaRN, scale=32",8,3,3.3735720274286582
"YaRN, scale=32",8,4,2.5298221281347035
"YaRN, scale=32",8,5,1.8970989645293244
"YaRN, scale=32",8,6,1.4226235280311381
"YaRN, scale=32",8,7,1.0668171457306592
"YaRN, scale=32",8,8,0.8
"YaRN, scale=32",8,9,0.5552101357557606
"YaRN, scale=32",8,10,0.38282467137958376
"YaRN, scale=32",8,11,0.26193840501429244
"YaRN, scale=32",8,12,0.17757405322483974
"YaRN, scale=32",8,13,0.11902471868801769
"YaRN, scale=32",8,14,0.07865466621326005
"YaRN, scale=32",8,15,0.05103283942317337
"YaRN, scale=32",8,16,0.03230769230769231
"YaRN, scale=32",8,17,0.019756828207412782
"YaRN, scale=32",8,18,0.01146311162888019
"YaRN, scale=32",8,19,0.006082161107143014
"YaRN, scale=32",8,20,0.0026757734047578577
"YaRN, scale=32",8,21,0.0005928434264154137
"YaRN, scale=32",8,22,0.00044456985250973074
"YaRN, scale=32",8,23,0.000333380358040831
"YaRN, scale=32",8,24,0.00025
"YaRN, scale=32",8,25,0.00018747355233311394
"YaRN, scale=32",8,26,0.00014058533129758727
"YaRN, scale=32",8,27,0.00010542412585714557
"YaRN, scale=32",8,28,7.905694150420948e-05
"YaRN, scale=32",8,29,5.9284342641541385e-05
"YaRN, scale=32",8,30,4.445698525097307e-05
"YaRN, scale=32",8,31,3.33380358040831e-05
"YaRN, scale=32",23,0,23.0
"YaRN, scale=32",23,1,17.247566814646486
"YaRN, scale=32",23,2,12.933850479378028
"YaRN, scale=32",23,3,9.699019578857392
"YaRN, scale=32",23,4,7.273238618387273
"YaRN, scale=32",23,5,5.454159523021808
"YaRN, scale=32",23,6,4.0900426430895225
"YaRN, scale=32",23,7,3.0670992939756454
"YaRN, scale=32",23,8,2.3000000000000003
"YaRN, scale=32",23,9,1.5962291402978117
"YaRN, scale=32",23,10,1.1006209302163033
"YaRN, scale=32",23,11,0.7530729144160908
"YaRN, scale=32",23,12,0.5105254030214142
"YaRN, scale=32",23,13,0.3421960662280508
"YaRN, scale=32",23,14,0.22613216536312264
"YaRN, scale=32",23,15,0.14671941334162344
"YaRN, scale=32",23,16,0.09288461538461538
"YaRN, scale=32",23,17,0.05680088109631175
"YaRN, scale=32",23,18,0.03295644593303055
"YaRN, scale=32",23,19,0.017486213183036167
"YaRN, scale=32",23,20,0.007692848538678841
"YaRN, scale=32",23,21,0.0017044248509443145
"YaRN, scale=32",23,22,0.0012781383259654758
"YaRN, scale=32",23,23,0.0009584685293673892
"YaRN, scale=32",23,24,0.00071875
"YaRN, scale=32",23,25,0.0005389864629577025
"YaRN, scale=32",23,26,0.0004041828274805634
"YaRN, scale=32",23,27,0.0003030943618392935
"YaRN, scale=32",23,28,0.00022728870682460226
"YaRN, scale=32",23,29,0.00017044248509443148
"YaRN, scale=32",23,30,0.00012781383259654756
"YaRN, scale=32",23,31,9.584685293673891e-05
"YaRN, scale=32",67,0,67.0
"YaRN, scale=32",67,1,50.24291202527454
"YaRN, scale=32",67,2,37.676868787753385
"YaRN, scale=32",67,3,28.253665729715014
"YaRN, scale=32",67,4,21.187260323128143
"YaRN, scale=32",67,5,15.888203827933092
"YaRN, scale=32",67,6,11.914472047260782
"YaRN, scale=32",67,7,8.93459359549427
"YaRN, scale=32",67,8,6.7
"YaRN, scale=32",67,9,4.649884886954495
"YaRN, scale=32",67,10,3.206156622804014
"YaRN, scale=32",67,11,2.193734141994699
"YaRN, scale=32",67,12,1.4871826957580327
"YaRN, scale=32",67,13,0.9968320190121481
"YaRN, scale=32",67,14,0.6587328295360529
"YaRN, scale=32",67,15,0.42740003016907696
"YaRN, scale=32",67,16,0.2705769230769231
"YaRN, scale=32",67,17,0.16546343623708204
"YaRN, scale=32",67,18,0.09600355989187159
"YaRN, scale=32",67,19,0.05093809927232274
"YaRN, scale=32",67,20,0.022409602264847058
"YaRN, scale=32",67,21,0.0049650636962290905
"YaRN, scale=32",67,22,0.003723272514768995
"YaRN, scale=32",67,23,0.0027920604985919597
"YaRN, scale=32",67,24,0.00209375
"YaRN, scale=32",67,25,0.0015700910007898292
"YaRN, scale=32",67,26,0.0011774021496172935
"YaRN, scale=32",67,27,0.0008829270540535942
"YaRN, scale=32",67,28,0.0006621018850977544
"YaRN, scale=32",67,29,0.0004965063696229091
"YaRN, scale=32",67,30,0.00037232725147689946
"YaRN, scale=32",67,31,0.000279206049859196
"YaRN, scale=32",192,0,192.0
"YaRN, scale=32",192,1,143.97968819183154
"YaRN, scale=32",192,2,107.96953443654702
"YaRN, scale=32",192,3,80.9657286582878
"YaRN, scale=32",192,4,60.71573107523288
"YaRN, scale=32",192,5,45.53037514870378
"YaRN, scale=32",192,6,34.14296467274731
"YaRN, scale=32",192,7,25.603611497535823
"YaRN, scale=32",192,8,19.200000000000003
"YaRN, scale=32",192,9,13.325043258138255
"YaRN, scale=32",192,10,9.18779211311001
"YaRN, scale=32",192,11,6.286521720343019
"YaRN, scale=32",192,12,4.2617772773961535
"YaRN, scale=32",192,13,2.8565932485124246
"YaRN, scale=32",192,14,1.887711989118241
"YaRN, scale=32",192,15,1.2247881461561607
"YaRN, scale=32",192,16,0.7753846153846153
"YaRN, scale=32",192,17,0.47416387697790674
"YaRN, scale=32",192,18,0.2751146790931246
"YaRN, scale=32",192,19,0.14597186657143235
"YaRN, scale=32",192,20,0.06421856171418858
"YaRN, scale=32",192,21,0.014228242233969929
"YaRN, scale=32",192,22,0.010669676460233538
"YaRN, scale=32",192,23,0.008001128592979944
"YaRN, scale=32",192,24,0.006
"YaRN, scale=32",192,25,0.004499365255994734
"YaRN, scale=32",192,26,0.0033740479511420946
"YaRN, scale=32",192,27,0.0025301790205714937
"YaRN, scale=32",192,28,0.0018973665961010276
"YaRN, scale=32",192,29,0.0014228242233969932
"YaRN, scale=32",192,30,0.0010669676460233536
"YaRN, scale=32",192,31,0.0008001128592979944
"YaRN, scale=32",549,0,549.0
"YaRN, scale=32",549,1,411.6919209235183
"YaRN, scale=32",549,2,308.72538752950163
"YaRN, scale=32",549,3,231.51138038229166
"YaRN, scale=32",549,4,173.60904354324404
"YaRN, scale=32",549,5,130.18841644082488
"YaRN, scale=32",549,6,97.62753961113685
"YaRN, scale=32",549,7,73.21032662576648
"YaRN, scale=32",549,8,54.900000000000006
"YaRN, scale=32",549,9,38.101295566239074
"YaRN, scale=32",549,10,26.271343073423935
"YaRN, scale=32",549,11,17.97552304410582
"YaRN, scale=32",549,12,12.186019402554628
"YaRN, scale=32",549,13,8.168071319965213
"YaRN, scale=32",549,14,5.3976764688849705
"YaRN, scale=32",549,15,3.5021286054152725
"YaRN, scale=32",549,16,2.2171153846153846
"YaRN, scale=32",549,17,1.3558123357337022
"YaRN, scale=32",549,18,0.7866560355319031
"YaRN, scale=32",549,19,0.41738830597768933
"YaRN, scale=32",549,20,0.183624949901508
"YaRN, scale=32",549,21,0.04068388013775777
"YaRN, scale=32",549,22,0.030508606128480272
"YaRN, scale=32",549,23,0.022878227070552027
"YaRN, scale=32",549,24,0.01715625
"YaRN, scale=32",549,25,0.012865372528859944
"YaRN, scale=32",549,26,0.009647668360296926
"YaRN, scale=32",549,27,0.007234730636946615
"YaRN, scale=32",549,28,0.005425282610726376
"YaRN, scale=32",549,29,0.004068388013775777
"YaRN, scale=32",549,30,0.003050860612848027
"YaRN, scale=32",549,31,0.0022878227070552027
"YaRN, scale=32",1570,0,1570.0
"YaRN, scale=32",1570,1,1177.3339086519557
"YaRN, scale=32",1570,2,882.875880548848
"YaRN, scale=32",1570,3,662.0635103828741
"YaRN, scale=32",1570,4,496.47759264643554
"YaRN, scale=32",1570,5,372.3056717888799
"YaRN, scale=32",1570,6,279.18986737611084
"YaRN, scale=32",1570,7,209.36286484964188
"YaRN, scale=32",1570,8,157.0
"YaRN, scale=32",1570,9,108.95998914206803
"YaRN, scale=32",1570,10,75.12934175824331
"YaRN, scale=32",1570,11,51.40541198405489
"YaRN, scale=32",1570,12,34.8489079453748
"YaRN, scale=32",1570,13,23.35860104252347
"YaRN, scale=32",1570,14,15.435978244352285
"YaRN, scale=32",1570,15,10.015194736797774
"YaRN, scale=32",1570,16,6.3403846153846155
"YaRN, scale=32",1570,17,3.8772775357047586
"YaRN, scale=32",1570,18,2.2496356571677376
"YaRN, scale=32",1570,19,1.1936241172768165
"YaRN, scale=32",1570,20,0.5251205306837295
"YaRN, scale=32",1570,21,0.11634552243402495
"YaRN, scale=32",1570,22,0.08724683355503465
"YaRN, scale=32",1570,23,0.06542589526551308
"YaRN, scale=32",1570,24,0.0490625
"YaRN, scale=32",1570,25,0.03679168464537361
"YaRN, scale=32",1570,26,0.027589871267151504
"YaRN, scale=32",1570,27,0.020689484699464817
"YaRN, scale=32",1570,28,0.01551492477020111
"YaRN, scale=32",1570,29,0.011634552243402497
"YaRN, scale=32",1570,30,0.008724683355503464
"YaRN, scale=32",1570,31,0.006542589526551308
"YaRN, scale=32",4493,0,4493.0
"YaRN, scale=32",4493,1,3369.274682530724
"YaRN, scale=32",4493,2,2526.599574080238
"YaRN, scale=32",4493,3,1894.68238990462
"YaRN, scale=32",4493,4,1420.811352713653
"YaRN, scale=32",4493,5,1065.4582059537818
"YaRN, scale=32",4493,6,798.9809389304879
"YaRN, scale=32",4493,7,599.1511794709814
"YaRN, scale=32",4493,8,449.3
"YaRN, scale=32",4493,9,311.81989249382906
"YaRN, scale=32",4493,10,215.00390606355873
"YaRN, scale=32",4493,11,147.11115671615198
"YaRN, scale=32",4493,12,99.73002764240061
"YaRN, scale=32",4493,13,66.84725763315794
"YaRN, scale=32",4493,14,44.17442691202217
"YaRN, scale=32",4493,15,28.661318441039743
"YaRN, scale=32",4493,16,18.144807692307694
"YaRN, scale=32",4493,17,11.095928641988204
"YaRN, scale=32",4493,18,6.437970068569837
"YaRN, scale=32",4493,19,3.415893731799195
"YaRN, scale=32",4493,20,1.5027812384471317
"YaRN, scale=32",4493,21,0.33295568936055675
"YaRN, scale=32",4493,22,0.24968154341577753
"YaRN, scale=32",4493,23,0.18723474358468173
"YaRN, scale=32",4493,24,0.14040625
"YaRN, scale=32",4493,25,0.10528983382908512
"YaRN, scale=32",4493,26,0.07895623669000745
"YaRN, scale=32",4493,27,0.059208824684519386
"YaRN, scale=32",4493,28,0.04440035477230165
"YaRN, scale=32",4493,29,0.03329556893605568
"YaRN, scale=32",4493,30,0.024968154341577748
"YaRN, scale=32",4493,31,0.01872347435846817
