delta,n_rot,clean_subscore,rotated_subscore,full_partial_rope_score,clean_abs_dev_from_mean,rotated_abs_dev_from_mean
1,16,0.6857345646988313,-8.458016030356788,-7.772281465657958,2.220446049250313e-16,8.532156570656625
2,16,0.6857345646988313,-4.432084271663695,-3.7463497069648644,2.220446049250313e-16,4.506224811963532
3,16,0.6857345646988313,2.0228309801720568,2.708565544870889,2.220446049250313e-16,1.9486904398722191
4,16,0.6857345646988313,5.68726261546977,6.372997180168602,2.220446049250313e-16,5.613122075169932
5,16,0.6857345646988313,4.699300408520724,5.385034973219555,2.220446049250313e-16,4.625159868220886
6,16,0.6857345646988313,1.3788358287637488,2.0645703934625796,2.220446049250313e-16,1.3046952884639111
7,16,0.6857345646988313,-0.7348543562820042,-0.04911979158317337,2.220446049250313e-16,0.8089948965818419
8,16,0.6857345646988313,-0.4636503249148567,0.2220842397839755,2.220446049250313e-16,0.5377908652146943
10,16,0.6857345646988313,-0.9612418966860856,-0.27550733198725386,2.220446049250313e-16,1.0353824369859232
11,16,0.6857345646988313,-4.023668639871328,-3.3379340751724964,2.220446049250313e-16,4.097809180171166
13,16,0.6857345646988313,-3.8167138507376723,-3.1309792860388423,2.220446049250313e-16,3.89085439103751
15,16,0.6857345646988313,5.977018176613019,6.6627527413118495,2.220446049250313e-16,5.902877636313181
17,16,0.6857345646988313,-2.537081978766224,-1.8513474140673933,2.220446049250313e-16,2.611222519066062
20,16,0.6857345646988313,-6.747317625837795,-6.061583061138964,2.220446049250313e-16,6.821458166137632
23,16,0.6857345646988313,12.663715342791997,13.34944990749083,2.220446049250313e-16,12.58957480249216
27,16,0.6857345646988313,-4.4114372688144075,-3.725702704115576,2.220446049250313e-16,4.485577809114245
32,16,0.6857345646988313,-2.0423130980602817,-1.3565785333614517,2.220446049250313e-16,2.1164536383601193
37,16,0.6857345646988313,-5.603505896967537,-4.917771332268706,2.220446049250313e-16,5.6776464372673745
43,16,0.6857345646988313,-6.066519668215479,-5.380785103516647,2.220446049250313e-16,6.140660208515317
50,16,0.6857345646988313,-6.740421597178241,-6.054687032479409,2.220446049250313e-16,6.814562137478078
58,16,0.6857345646988313,1.0509386495456303,1.73667321424446,2.220446049250313e-16,0.9767981092457927
67,16,0.6857345646988313,3.264988693895744,3.950723258594576,2.220446049250313e-16,3.1908481535959066
78,16,0.6857345646988313,-3.244072966630036,-2.5583384019312043,2.220446049250313e-16,3.3182135069298737
91,16,0.6857345646988313,8.816118419595671,9.501852984294503,2.220446049250313e-16,8.741977879295835
105,16,0.6857345646988313,5.716750262779457,6.402484827478288,2.220446049250313e-16,5.6426097224796194
122,16,0.6857345646988313,7.469916022577601,8.155650587276432,2.220446049250313e-16,7.395775482277763
142,16,0.6857345646988313,8.05820258045383,8.743937145152662,2.220446049250313e-16,7.984062040153993
165,16,0.6857345646988313,6.071182276935359,6.756916841634192,2.220446049250313e-16,5.997041736635522
192,16,0.6857345646988313,7.420524880939979,8.106259445638813,2.220446049250313e-16,7.3463843406401415
223,16,0.6857345646988313,11.50529880902059,12.191033373719424,2.220446049250313e-16,11.431158268720754
259,16,0.6857345646988313,-2.026441735191916,-1.3407071704930846,2.220446049250313e-16,2.1005822754917536
301,16,0.6857345646988313,-1.9069835589773638,-1.221248994278533,2.220446049250313e-16,1.9811240992772015
350,16,0.6857345646988313,7.532356399936132,8.218090964634964,2.220446049250313e-16,7.458215859636295
406,16,0.6857345646988313,3.7223709135630223,4.408105478261854,2.220446049250313e-16,3.6482303732631847
472,16,0.6857345646988313,-9.81147934431062,-9.12574477961179,2.220446049250313e-16,9.885619884610456
549,16,0.6857345646988313,4.8147616981433075,5.500496262842137,2.220446049250313e-16,4.74062115784347
638,16,0.6857345646988313,1.1461272509188998,1.8318618156177329,2.220446049250313e-16,1.0719867106190621
741,16,0.6857345646988313,-3.3342128881926585,-2.648478323493828,2.220446049250313e-16,3.408353428492496
861,16,0.6857345646988313,1.2937807165191044,1.9795152812179362,2.220446049250313e-16,1.2196401762192668
1001,16,0.6857345646988313,-0.9894883328141222,-0.30375376811529176,2.220446049250313e-16,1.0636288731139598
1163,16,0.6857345646988313,-1.2442006980601477,-0.5584661333613159,2.220446049250313e-16,1.3183412383599853
1351,16,0.6857345646988313,-11.203724527034463,-10.517989962335633,2.220446049250313e-16,11.2778650673343
1570,16,0.6857345646988313,-6.398818628903054,-5.713084064204222,2.220446049250313e-16,6.472959169202892
1825,16,0.6857345646988313,10.276462034727066,10.962196599425898,2.220446049250313e-16,10.20232149442723
2120,16,0.6857345646988313,-0.19699722985717338,0.48873733484165793,2.220446049250313e-16,0.27113777015701096
2464,16,0.6857345646988313,-7.915570645092597,-7.229836080393765,2.220446049250313e-16,7.9897111853924345
2863,16,0.6857345646988313,10.699326970129832,11.385061534828663,2.220446049250313e-16,10.625186429829995
3327,16,0.6857345646988313,-1.455776597454368,-0.7700420327555362,2.220446049250313e-16,1.5299171377542056
3866,16,0.6857345646988313,-2.3386173674139057,-1.6528828027150744,2.220446049250313e-16,2.4127579077137433
4493,16,0.6857345646988313,-11.538013222876648,-10.852278658177816,2.220446049250313e-16,11.612153763176485
5221,16,0.6857345646988313,-9.968059391702306,-9.282324827003476,2.220446049250313e-16,10.042199932002143
6067,16,0.6857345646988313,2.1928780764084737,2.8786126411073045,2.220446049250313e-16,2.118737536108636
7050,16,0.6857345646988313,-8.722724559195694,-8.036989994496864,2.220446049250313e-16,8.79686509949553
8192,16,0.6857345646988313,9.856649365829684,10.542383930528514,2.220446049250313e-16,9.782508825529847
