pair_index,"RoPE, base=10000","position interpolation, inv_freq/32","YaRN, ramped, scale=32",base=500000 (the legacy claim)
0,1.0,0.03125,1.0,1.0
1,0.7498942093324559,0.023434194041639246,0.7498942093324559,0.6636012376960885
2,0.5623413251903491,0.01757316641219841,0.5623413251903491,0.44036660267178046
3,0.4216965034285823,0.013178015732143196,0.4216965034285823,0.2922278225730151
4,0.31622776601683794,0.009882117688026186,0.31622776601683794,0.19392274474868576
5,0.23713737056616555,0.007410542830192673,0.23713737056616555,0.12868737343265052
6,0.17782794100389226,0.005557123156371633,0.17782794100389226,0.08539710028576561
7,0.1333521432163324,0.004167254475510388,0.1333521432163324,0.056669621445291044
8,0.1,0.003125,0.1,0.03760603093086393
9,0.07498942093324558,0.0023434194041639243,0.06940126696947008,0.024955408670558694
10,0.056234132519034905,0.0017573166412198408,0.04785308392244797,0.016560440080994446
11,0.042169650342858224,0.0013178015732143195,0.032742300626786555,0.010989528534539826
12,0.03162277660168379,0.0009882117688026185,0.022196756653104967,0.0072926647372171085
13,0.02371373705661655,0.0007410542830192672,0.01487808983600221,0.004839421345719893
14,0.01778279410038923,0.0005557123156371634,0.009831833276657506,0.0032114459947525913
15,0.01333521432163324,0.00041672544755103877,0.006379104927896671,0.0021311195369119653
16,0.01,0.0003125,0.0040384615384615385,0.001414213562373095
17,0.007498942093324559,0.00023434194041639246,0.0024696035259265977,0.0009384738703573801
18,0.005623413251903491,0.0001757316641219841,0.0014328889536100238,0.000622772421914596
19,0.004216965034285823,0.00013178015732143197,0.0007602701383928768,0.0004132725499855165
20,0.003162277660168379,9.882117688026184e-05,0.0003344716755947322,0.0002742481756762073
21,0.002371373705661655,7.410542830192672e-05,7.410542830192672e-05,0.00018199142881462546
22,0.001778279410038923,5.557123156371634e-05,5.557123156371634e-05,0.00012076973741146504
23,0.001333521432163324,4.167254475510388e-05,4.167254475510388e-05,8.01429472224798e-05
24,0.001,3.125e-05,3.125e-05,5.318295896944989e-05
25,0.0007498942093324557,2.3434194041639242e-05,2.3434194041639242e-05,3.529227739646723e-05
26,0.0005623413251903491,1.757316641219841e-05,1.757316641219841e-05,2.341999896140934e-05
27,0.0004216965034285823,1.3178015732143197e-05,1.3178015732143197e-05,1.5541540297632344e-05
28,0.00031622776601683794,9.882117688026186e-06,9.882117688026186e-06,1.031338537721246e-05
29,0.00023713737056616554,7.410542830192673e-06,7.410542830192673e-06,6.843975301154928e-06
30,0.00017782794100389227,5.5571231563716334e-06,5.5571231563716334e-06,4.5416704806078695e-06
31,0.0001333521432163324,4.167254475510387e-06,4.167254475510387e-06,3.0138581521391708e-06
