scale,mscale,entropy_ratio_unscaled,entropy_ratio_mscaled,n_keys,max_possible_entropy
1.0,1.0,0.9232910235280181,0.9232910235280181,256,5.545177444479562
1.3542555469368927,1.0303251891494976,0.9232910235280181,0.9187605469979023,256,5.545177444479562
1.8340080864093424,1.0606503782989951,0.9232910235280181,0.9141160332070928,256,5.545177444479562
2.483715624146968,1.0909755674484929,0.9232910235280181,0.9093592916198374,256,5.545177444479562
3.363585661014858,1.1213007565979904,0.9232910235280181,0.9044921954239343,256,5.545177444479562
4.555154539026767,1.151625945747488,0.9232910235280181,0.8995166836065163,256,5.545177444479562
6.168843301631762,1.1819511348969856,0.9232910235280181,0.8944347630318658,256,5.545177444479562
8.35419025941931,1.2122763240464833,0.9232910235280181,0.8892485104904554,256,5.545177444479562
11.31370849898476,1.242601513195981,0.9232910235280181,0.8839600746858439,256,5.545177444479562
15.32165249117718,1.2729267023454784,0.9232910235280181,0.8785716781240607,256,5.545177444479562
20.749432874416158,1.303251891494976,0.9232910235280181,0.8730856188686826,256,5.545177444479562
28.100034565972795,1.3335770806444738,0.9232910235280181,0.8675042721240095,256,5.545177444479562
32.0,1.3465735902799727,0.9232910235280181,0.8650837019924513,256,5.545177444479562
38.05462768008706,1.3639022697939713,0.9232910235280181,0.8618300916085649,256,5.545177444479562
51.53569062237612,1.394227458943469,0.9232910235280181,0.8560656106815809,256,5.545177444479562
69.79249489057648,1.4245526480929664,0.9232910235280181,0.8502134431862055,256,5.545177444479562
94.51687334012794,1.454877837242464,0.9232910235280181,0.8442762839748397,256,5.545177444479562
128.0,1.4852030263919618,0.9232910235280181,0.8382569090842618,256,5.545177444479562
