method,delta,amplitude_weighted_err,per_pair_err_rms
rope_base_10k,1,0.005835236646121736,0.031350357984246555
rope_base_10k,2,0.04578241362849739,0.23928567732591666
rope_base_10k,3,0.1428802748151945,0.7081333360086268
rope_base_10k,4,0.29897154715063107,1.368360966624208
rope_base_10k,5,0.5004906802460615,2.0667511381775716
rope_base_10k,6,0.734643073049099,2.7073062144153908
rope_base_10k,7,1.0014243044690727,3.33094017701669
rope_base_10k,8,1.3115969613178877,4.066280033983001
rope_base_10k,10,2.082107298315348,6.138631306419742
rope_base_10k,11,2.5180257023118693,7.334169971453863
rope_base_10k,13,3.5473301089704528,9.620666706289537
rope_base_10k,15,4.6650357804773295,12.234115058332023
rope_base_10k,17,5.888296765066811,15.555220839040244
rope_base_10k,20,7.937207481113044,20.684661880365137
rope_base_10k,23,10.461832861932637,26.944927385683357
rope_base_10k,27,14.258334871270959,35.91617572595611
rope_base_10k,32,19.81402311388914,49.69897474920278
rope_base_10k,37,26.2416206630647,65.3083152757087
rope_base_10k,43,35.705186220162865,87.23593818005422
rope_base_10k,50,47.6264277350327,116.07872478807546
rope_base_10k,58,64.19097770361259,154.42699956874105
rope_base_10k,67,85.21955898756131,204.41117812325675
rope_base_10k,78,115.32410296271058,274.5354915975004
rope_base_10k,91,156.53926800629543,370.9778931487416
rope_base_10k,105,208.1037064352832,491.22278839922274
rope_base_10k,122,280.1009810415497,659.4298932521207
rope_base_10k,142,378.77694131391746,889.2684895020849
rope_base_10k,165,510.85974939425677,1195.7763094657673
rope_base_10k,192,690.6490714968617,1613.5453155571975
rope_base_10k,223,930.5165946074916,2170.278700290296
rope_base_10k,259,1253.718361211929,2919.8059131472314
rope_base_10k,301,1691.6261738578792,3935.2475319908945
rope_base_10k,350,2285.251161326817,5310.291716479239
rope_base_10k,406,3072.788326704595,7133.882017703009
rope_base_10k,472,4150.5410150476,9628.063764356695
rope_base_10k,549,5612.261187679854,13009.696206324254
rope_base_10k,638,7576.029254935164,17551.415243543062
rope_base_10k,741,10215.715981758434,23654.59067846449
rope_base_10k,861,13787.617964610836,31911.474240219603
rope_base_10k,1001,18630.34370682324,43103.56516121903
rope_base_10k,1163,25141.946228192664,58150.73890366877
rope_base_10k,1351,33920.04752321705,78431.64954585204
rope_base_10k,1570,45799.2329375288,105874.95418861293
rope_base_10k,1825,61874.73706254265,143007.31052447198
rope_base_10k,2120,83482.90041737643,192915.44924140684
rope_base_10k,2464,112759.59867578122,260530.05672743788
rope_base_10k,2863,152219.4039498342,351655.4577525165
rope_base_10k,3327,205538.14442200205,474779.73576034437
rope_base_10k,3866,277508.4556114775,640965.2838222437
rope_base_10k,4493,374797.14699360495,865602.5895362225
rope_base_10k,5221,506063.85608230863,1168683.8381465785
rope_base_10k,6067,683320.0596055476,1577936.15875887
rope_base_10k,7050,922646.9723620989,2130483.355480888
rope_base_10k,8192,1245721.6298983097,2876365.582945203
position_interpolation,1,1.7011932091089175e-07,9.173508095170372e-07
position_interpolation,2,1.3644099473410447e-06,7.3591022610091675e-06
position_interpolation,3,4.616239496074009e-06,2.4903278587101537e-05
position_interpolation,4,1.0968386237359328e-05,5.918194585053716e-05
position_interpolation,5,2.147234951780362e-05,0.00011587625647130616
position_interpolation,6,3.718765444091467e-05,0.00020071144007625813
position_interpolation,7,5.918115137817206e-05,0.00031945174565865597
position_interpolation,8,8.852631088793361e-05,0.00047789534007864595
position_interpolation,10,0.0001735943428188859,0.0009372237781922269
position_interpolation,11,0.0002314908589285915,0.0012498281218565814
position_interpolation,13,0.0003834723175708758,0.002070322456725671
position_interpolation,15,0.0005910217571872965,0.003190472863958442
position_interpolation,17,0.0008629397296439835,0.004657358647629776
position_interpolation,20,0.0014107597522829852,0.007610244564334263
position_interpolation,23,0.0021528124673666866,0.011605068667738527
position_interpolation,27,0.003494981623561739,0.018816547118835732
position_interpolation,32,0.005835236646121736,0.031350357984246555
position_interpolation,37,0.009031259317952088,0.04839120173426114
position_interpolation,43,0.014166329303507886,0.07560262190953965
position_interpolation,50,0.022190436504522664,0.11774537308758627
position_interpolation,58,0.034364269828113636,0.1808812101485021
position_interpolation,67,0.05226496496814178,0.2721123511935127
position_interpolation,78,0.08061862026277636,0.41301466108730084
position_interpolation,91,0.12361833305096383,0.6188560696729916
position_interpolation,105,0.18123924699427546,0.88069301109382
position_interpolation,122,0.26574109796560785,1.2369857718615593
position_interpolation,142,0.38250825475963113,1.6776702232031944
position_interpolation,165,0.5351032437292272,2.1712721540141575
position_interpolation,192,0.734643073049099,2.7073062144153908
position_interpolation,223,0.9924967536987112,3.3104753976022323
position_interpolation,259,1.3432952915670324,4.1452150583039815
position_interpolation,301,1.8348315460113762,5.451246448779281
position_interpolation,350,2.490407941243649,7.259940369513807
position_interpolation,406,3.3813490954638357,9.265318759914292
position_interpolation,472,4.519334897598282,11.862801617788174
position_interpolation,549,5.987646997449218,15.824888142738724
position_interpolation,638,7.890106937801718,20.57189844701351
position_interpolation,741,10.603058099149209,27.295900959172677
position_interpolation,861,14.160977368620221,35.683518979190325
position_interpolation,1001,19.00113081420485,47.738658465402914
position_interpolation,1163,25.299931451984865,63.13899368960679
position_interpolation,1351,34.43448904745328,84.21150130610265
position_interpolation,1570,45.9387377212596,112.00049024164265
position_interpolation,1825,62.078742173253495,149.62943582745558
position_interpolation,2120,83.34074366341784,199.91599144259936
position_interpolation,2464,112.44476732810922,267.73864880101854
position_interpolation,2863,151.4458115679334,358.9000231491122
position_interpolation,3327,204.0810659649627,481.6827960480988
position_interpolation,3866,274.75857476583656,646.8762206152358
position_interpolation,4493,370.29658258308535,869.4574983544313
position_interpolation,5221,499.6265045381001,1169.7096211731528
position_interpolation,6067,673.4885107253428,1573.754440248721
position_interpolation,7050,908.2489868063104,2118.780650827468
position_interpolation,8192,1225.0616020938733,2853.4721333078924
yarn,1,0.0058342819238973425,0.03135035764800549
yarn,2,0.045775029791270745,0.2392856746749934
yarn,3,0.14285622606299556,0.7081333264393026
yarn,4,0.29891664047665006,1.368360940596514
yarn,5,0.5003875930924504,2.066751076848054
yarn,6,0.7344721981650544,2.7073060843364023
yarn,7,1.001164605604142,3.3309399296249422
yarn,8,1.3112268333130845,4.066279616097826
yarn,10,2.0814535025334724,6.138630409300152
yarn,11,2.5172017797696795,7.334168750112493
yarn,13,3.546123253309646,9.620664583006594
yarn,15,4.663416629952216,12.234111785925515
yarn,17,5.88627885961437,15.555216328440876
yarn,20,7.934734560228782,20.68465507232142
yarn,23,10.45926611684502,26.944917864081162
yarn,27,14.254927391859713,35.91616006250436
yarn,32,19.79553021756751,49.69894100491764
yarn,37,26.208659878372657,65.30823513361207
yarn,43,35.6476493263505,87.23573053282497
yarn,50,47.53031135612224,116.07820685645069
yarn,58,64.03418583881418,154.4258556806067
yarn,67,84.99109361593007,204.40900754346947
yarn,78,115.01281818647135,274.5318231485197
yarn,91,156.14865621454308,370.97250521300185
yarn,105,207.59317163879064,491.2155979618756
yarn,122,279.3176221484052,659.4197592266805
yarn,142,377.5673570970888,889.2530412069906
yarn,165,509.17311913452716,1195.753992675139
yarn,192,688.5656331750321,1613.5163982887964
yarn,223,927.6756719235696,2170.23692605438
yarn,259,1249.8218538149356,2919.748005221807
yarn,301,1686.4957046016468,3935.171192223435
yarn,350,2278.155373632523,5310.180767888036
yarn,406,3063.375710167888,7133.734747280385
yarn,472,4137.915797060746,9627.862805004197
yarn,549,5595.1028000336755,13009.423316958226
yarn,638,7552.788721863953,17551.04277020596
yarn,741,10184.046017179484,23654.080003073886
yarn,861,13744.660455504614,31910.777881457943
yarn,1001,18572.13687065786,43102.61991559921
yarn,1163,25063.287591752367,58149.458100208
yarn,1351,33813.49018124475,78429.91199144824
yarn,1570,45655.26160571909,105872.60268866415
yarn,1825,61679.88038998608,143004.12420173435
yarn,2120,83219.93829375504,192911.13575728904
yarn,2464,112404.40673137434,260524.22033236592
yarn,2863,151739.40873888417,351647.5592273724
yarn,3327,204889.87541065595,474769.05693518487
yarn,3866,276632.7571608053,640950.8417059898
yarn,4493,373613.9165934116,865583.0618390002
yarn,5221,504465.7324910685,1168657.442239007
yarn,6067,681161.8429971334,1577900.4884282644
yarn,7050,919732.238775562,2130435.1478031124
yarn,8192,1241785.6863262886,2876300.452817342
base_500k_legacy_claim,1,0.004353429867332878,0.029823494499576646
base_500k_legacy_claim,2,0.03366250463446858,0.2279735506310512
base_500k_legacy_claim,3,0.1026040765383292,0.6734383903064133
base_500k_legacy_claim,4,0.20775923428126525,1.2947080869006158
base_500k_legacy_claim,5,0.33405431196908025,1.9388499266666914
base_500k_legacy_claim,6,0.46988991472177805,2.510573190380356
base_500k_legacy_claim,7,0.6175682354978836,3.051861929436084
base_500k_legacy_claim,8,0.7904619580082861,3.696223156774441
base_500k_legacy_claim,10,1.2482740199932096,5.589004302964063
base_500k_legacy_claim,11,1.5238712210447627,6.689888506079176
base_500k_legacy_claim,13,2.1307714982124235,8.740506234145219
base_500k_legacy_claim,15,2.841199052021607,11.109394984079982
base_500k_legacy_claim,17,3.635209847664772,14.160892405916229
base_500k_legacy_claim,20,4.860887735955412,18.620605865333225
base_500k_legacy_claim,23,6.343660982146564,24.30891942704846
base_500k_legacy_claim,27,8.53220062708007,32.426623717424086
base_500k_legacy_claim,32,11.792172572262476,44.54295693232596
base_500k_legacy_claim,37,15.843930041004134,58.831130525477484
base_500k_legacy_claim,43,21.13683067851834,78.21153542228551
base_500k_legacy_claim,50,27.8435006366614,104.01645754668327
base_500k_legacy_claim,58,37.322828917268964,138.1337424460967
base_500k_legacy_claim,67,49.671754086460076,182.80173391489365
base_500k_legacy_claim,78,66.63454094858388,245.10035615343523
base_500k_legacy_claim,91,90.22999173091412,331.04933754282104
base_500k_legacy_claim,105,119.81358351473907,438.16619811561947
base_500k_legacy_claim,122,160.79409506205943,587.727844892972
base_500k_legacy_claim,142,217.1485659963834,792.3625713656033
base_500k_legacy_claim,165,292.3829732940315,1064.8329244870763
base_500k_legacy_claim,192,394.8747219111098,1436.469331479516
base_500k_legacy_claim,223,531.330594579857,1931.3360266359225
base_500k_legacy_claim,259,715.4915941768824,2597.8256669357393
base_500k_legacy_claim,301,964.6522023684397,3500.3971870976525
base_500k_legacy_claim,350,1301.688728578901,4722.562016539253
base_500k_legacy_claim,406,1749.3734019776925,6343.106197750439
base_500k_legacy_claim,472,2361.8586671289327,8559.37596582437
base_500k_legacy_claim,549,3191.9576736454164,11563.802586850343
base_500k_legacy_claim,638,4306.868637263192,15598.96133038963
base_500k_legacy_claim,741,5805.664156160492,21021.158610161176
base_500k_legacy_claim,861,7833.180281087145,28356.086749134334
base_500k_legacy_claim,1001,10581.736918937388,38298.30030067376
base_500k_legacy_claim,1163,14277.112778810388,51664.581808863186
base_500k_legacy_claim,1351,19258.04577023258,69679.39954952264
base_500k_legacy_claim,1570,25998.26181558997,94055.79185888162
base_500k_legacy_claim,1825,35118.28936322252,127037.45135404918
base_500k_legacy_claim,2120,47376.03802224105,171365.67673864713
base_500k_legacy_claim,2464,63983.77236420488,231420.11999306353
base_500k_legacy_claim,2863,86366.24460339175,312355.1919549107
base_500k_legacy_claim,3327,116609.0033920302,421709.3330633586
base_500k_legacy_claim,3866,157429.3024978985,569307.407889185
base_500k_legacy_claim,4493,212607.70397166512,768817.5767096973
base_500k_legacy_claim,5221,287055.7191845799,1037995.1411087809
base_500k_legacy_claim,6067,387583.73117382755,1401464.1150071926
base_500k_legacy_claim,7050,523311.52500993916,1892194.9466037964
base_500k_legacy_claim,8192,706531.4324457486,2554627.9740435905
