method,delta,mscale,max_abs_angle_rad,median_abs_angle_rad
rope_base_10k,1,1.0,1.0,0.01166760716081662
rope_base_10k,2,1.0,2.0,0.02333521432163324
rope_base_10k,3,1.0,3.0,0.03500282148244986
rope_base_10k,4,1.0,4.0,0.04667042864326648
rope_base_10k,5,1.0,5.0,0.0583380358040831
rope_base_10k,6,1.0,6.0,0.07000564296489972
rope_base_10k,7,1.0,7.0,0.08167325012571634
rope_base_10k,8,1.0,8.0,0.09334085728653296
rope_base_10k,10,1.0,10.0,0.1166760716081662
rope_base_10k,11,1.0,11.0,0.1283436787689828
rope_base_10k,13,1.0,13.0,0.15167889309061605
rope_base_10k,15,1.0,15.0,0.17501410741224932
rope_base_10k,17,1.0,17.0,0.19834932173388253
rope_base_10k,20,1.0,20.0,0.2333521432163324
rope_base_10k,23,1.0,23.0,0.2683549646987823
rope_base_10k,27,1.0,27.0,0.31502539334204877
rope_base_10k,32,1.0,32.0,0.37336342914613185
rope_base_10k,37,1.0,37.0,0.43170146495021494
rope_base_10k,43,1.0,43.0,0.5017071079151146
rope_base_10k,50,1.0,50.0,0.583380358040831
rope_base_10k,58,1.0,58.0,0.676721215327364
rope_base_10k,67,1.0,67.0,0.7817296797747135
rope_base_10k,78,1.0,78.0,0.9100733585436964
rope_base_10k,91,1.0,91.0,1.0617522516343125
rope_base_10k,105,1.0,105.0,1.2250987518857452
rope_base_10k,122,1.0,122.0,1.4234480736196278
rope_base_10k,142,1.0,142.0,1.65680021683596
rope_base_10k,165,1.0,165.0,1.9251551815347425
rope_base_10k,192,1.0,192.0,2.240180574876791
rope_base_10k,223,1.0,223.0,2.6018763968621066
rope_base_10k,259,1.0,259.0,3.0219102546515044
rope_base_10k,301,1.0,301.0,3.5119497554058032
rope_base_10k,350,1.0,350.0,4.083662506285817
rope_base_10k,406,1.0,406.0,4.737048507291548
rope_base_10k,472,1.0,472.0,5.5071105799054445
rope_base_10k,549,1.0,549.0,6.405516331288325
rope_base_10k,638,1.0,638.0,7.443933368601003
rope_base_10k,741,1.0,741.0,8.645696906165115
rope_base_10k,861,1.0,861.0,10.04580976546311
rope_base_10k,1001,1.0,1001.0,11.679274767977436
rope_base_10k,1163,1.0,1163.0,13.56942712802973
rope_base_10k,1351,1.0,1351.0,15.762937274263255
rope_base_10k,1570,1.0,1570.0,18.318143242482094
rope_base_10k,1825,1.0,1825.0,21.293383068490332
rope_base_10k,2120,1.0,2120.0,24.735327180931236
rope_base_10k,2464,1.0,2464.0,28.748984044252154
rope_base_10k,2863,1.0,2863.0,33.40435930141798
rope_base_10k,3327,1.0,3327.0,38.81812902403689
rope_base_10k,3866,1.0,3866.0,45.106969283717056
rope_base_10k,4493,1.0,4493.0,52.42255897354907
rope_base_10k,5221,1.0,5221.0,60.91657698662358
rope_base_10k,6067,1.0,6067.0,70.78737264467443
rope_base_10k,7050,1.0,7050.0,82.25663048375716
rope_base_10k,8192,1.0,8192.0,95.58103786140975
position_interpolation,1,1.0,0.03125,0.0003646127237755194
position_interpolation,2,1.0,0.0625,0.0007292254475510388
position_interpolation,3,1.0,0.09375,0.0010938381713265582
position_interpolation,4,1.0,0.125,0.0014584508951020776
position_interpolation,5,1.0,0.15625,0.001823063618877597
position_interpolation,6,1.0,0.1875,0.0021876763426531163
position_interpolation,7,1.0,0.21875,0.0025522890664286357
position_interpolation,8,1.0,0.25,0.002916901790204155
position_interpolation,10,1.0,0.3125,0.003646127237755194
position_interpolation,11,1.0,0.34375,0.004010739961530713
position_interpolation,13,1.0,0.40625,0.004739965409081752
position_interpolation,15,1.0,0.46875,0.005469190856632791
position_interpolation,17,1.0,0.53125,0.006198416304183829
position_interpolation,20,1.0,0.625,0.007292254475510388
position_interpolation,23,1.0,0.71875,0.008386092646836946
position_interpolation,27,1.0,0.84375,0.009844543541939024
position_interpolation,32,1.0,1.0,0.01166760716081662
position_interpolation,37,1.0,1.15625,0.013490670779694217
position_interpolation,43,1.0,1.34375,0.015678347122347332
position_interpolation,50,1.0,1.5625,0.01823063618877597
position_interpolation,58,1.0,1.8125,0.021147537978980124
position_interpolation,67,1.0,2.09375,0.024429052492959798
position_interpolation,78,1.0,2.4375,0.028439792454490513
position_interpolation,91,1.0,2.84375,0.033179757863572266
position_interpolation,105,1.0,3.28125,0.03828433599642954
position_interpolation,122,1.0,3.8125,0.04448275230061337
position_interpolation,142,1.0,4.4375,0.05177500677612375
position_interpolation,165,1.0,5.15625,0.060161099422960704
position_interpolation,192,1.0,6.0,0.07000564296489972
position_interpolation,223,1.0,6.96875,0.08130863740194083
position_interpolation,259,1.0,8.09375,0.09443469545785951
position_interpolation,301,1.0,9.40625,0.10974842985643135
position_interpolation,350,1.0,10.9375,0.1276144533214318
position_interpolation,406,1.0,12.6875,0.14803276585286088
position_interpolation,472,1.0,14.75,0.17209720562204514
position_interpolation,549,1.0,17.15625,0.20017238535276016
position_interpolation,638,1.0,19.9375,0.23262291776878136
position_interpolation,741,1.0,23.15625,0.27017802831765986
position_interpolation,861,1.0,26.90625,0.3139315551707222
position_interpolation,1001,1.0,31.28125,0.36497733649929487
position_interpolation,1163,1.0,36.34375,0.42404459775092906
position_interpolation,1351,1.0,42.21875,0.4925917898207267
position_interpolation,1570,1.0,49.0625,0.5724419763275654
position_interpolation,1825,1.0,57.03125,0.6654182208903229
position_interpolation,2120,1.0,66.25,0.7729789744041011
position_interpolation,2464,1.0,77.0,0.8984057513828798
position_interpolation,2863,1.0,89.46875,1.043886228169312
position_interpolation,3327,1.0,103.96875,1.2130665320011529
position_interpolation,3866,1.0,120.8125,1.409592790116158
position_interpolation,4493,1.0,140.40625,1.6382049679234085
position_interpolation,5221,1.0,163.15625,1.903643030831987
position_interpolation,6067,1.0,189.59375,2.212105395146076
position_interpolation,7050,1.0,220.3125,2.5705197026174114
position_interpolation,8192,1.0,256.0,2.986907433169055
yarn,1,1.3465735902799727,1.0,0.005208783233179104
yarn,2,1.3465735902799727,2.0,0.010417566466358209
yarn,3,1.3465735902799727,3.0,0.015626349699537315
yarn,4,1.3465735902799727,4.0,0.020835132932716417
yarn,5,1.3465735902799727,5.0,0.026043916165895527
yarn,6,1.3465735902799727,6.0,0.03125269939907463
yarn,7,1.3465735902799727,7.0,0.03646148263225373
yarn,8,1.3465735902799727,8.0,0.041670265865432835
yarn,10,1.3465735902799727,10.0,0.052087832331791054
yarn,11,1.3465735902799727,11.0,0.057296615564970156
yarn,13,1.3465735902799727,13.0,0.06771418203132835
yarn,15,1.3465735902799727,15.0,0.07813174849768657
yarn,17,1.3465735902799727,17.0,0.08854931496404478
yarn,20,1.3465735902799727,20.0,0.10417566466358211
yarn,23,1.3465735902799727,23.0,0.11980201436311941
yarn,27,1.3465735902799727,27.0,0.14063714729583582
yarn,32,1.3465735902799727,32.0,0.16668106346173134
yarn,37,1.3465735902799727,37.0,0.19272497962762689
yarn,43,1.3465735902799727,43.0,0.22397767902670151
yarn,50,1.3465735902799727,50.0,0.2604391616589552
yarn,58,1.3465735902799727,58.0,0.3021094275243881
yarn,67,1.3465735902799727,67.0,0.34898847662300003
yarn,78,1.3465735902799727,78.0,0.40628509218797015
yarn,91,1.3465735902799727,91.0,0.47399927421929855
yarn,105,1.3465735902799727,105.0,0.546922239483806
yarn,122,1.3465735902799727,122.0,0.6354715544478508
yarn,142,1.3465735902799727,142.0,0.7396472191114329
yarn,165,1.3465735902799727,165.0,0.8594492334745523
yarn,192,1.3465735902799727,192.0,1.0000863807703881
yarn,223,1.3465735902799727,223.0,1.1615586609989403
yarn,259,1.3465735902799727,259.0,1.3490748573933882
yarn,301,1.3465735902799727,301.0,1.5678437531869105
yarn,350,1.3465735902799727,350.0,1.8230741316126866
yarn,406,1.3465735902799727,406.0,2.1147659926707165
yarn,472,1.3465735902799727,472.0,2.4585456860605372
yarn,549,1.3465735902799727,549.0,2.8596219950153285
yarn,638,1.3465735902799727,638.0,3.323203702768269
yarn,741,1.3465735902799727,741.0,3.8597083757857167
yarn,861,1.3465735902799727,861.0,4.484762363767209
yarn,1001,1.3465735902799727,1001.0,5.213992016412284
yarn,1163,1.3465735902799727,1163.0,6.057814900187299
yarn,1351,1.3465735902799727,1351.0,7.03706614802497
yarn,1570,1.3465735902799727,1570.0,8.177789676091194
yarn,1825,1.3465735902799727,1825.0,9.506029400551865
yarn,2120,1.3465735902799727,2120.0,11.042620454339701
yarn,2464,1.3465735902799727,2464.0,12.834441886553314
yarn,2863,1.3465735902799727,2863.0,14.912746396591777
yarn,3327,1.3465735902799727,3327.0,17.329621816786883
yarn,3866,1.3465735902799727,3866.0,20.137155979470418
yarn,4493,1.3465735902799727,4493.0,23.403063066673717
yarn,5221,1.3465735902799727,5221.0,27.195057260428104
yarn,6067,1.3465735902799727,6067.0,31.60168787569763
yarn,7050,1.3465735902799727,7050.0,36.721921793912685
yarn,8192,1.3465735902799727,8192.0,42.67035224620322
base_500k_legacy_claim,1,1.0,1.0,0.0017726665496425303
base_500k_legacy_claim,2,1.0,2.0,0.0035453330992850605
base_500k_legacy_claim,3,1.0,3.0,0.005317999648927591
base_500k_legacy_claim,4,1.0,4.0,0.007090666198570121
base_500k_legacy_claim,5,1.0,5.0,0.008863332748212651
base_500k_legacy_claim,6,1.0,6.0,0.010635999297855182
base_500k_legacy_claim,7,1.0,7.0,0.01240866584749771
base_500k_legacy_claim,8,1.0,8.0,0.014181332397140242
base_500k_legacy_claim,10,1.0,10.0,0.017726665496425303
base_500k_legacy_claim,11,1.0,11.0,0.01949933204606783
base_500k_legacy_claim,13,1.0,13.0,0.023044665145352895
base_500k_legacy_claim,15,1.0,15.0,0.026589998244637952
base_500k_legacy_claim,17,1.0,17.0,0.030135331343923013
base_500k_legacy_claim,20,1.0,20.0,0.035453330992850605
base_500k_legacy_claim,23,1.0,23.0,0.040771330641778195
base_500k_legacy_claim,27,1.0,27.0,0.04786199684034831
base_500k_legacy_claim,32,1.0,32.0,0.05672532958856097
base_500k_legacy_claim,37,1.0,37.0,0.06558866233677361
base_500k_legacy_claim,43,1.0,43.0,0.0762246616346288
base_500k_legacy_claim,50,1.0,50.0,0.08863332748212652
base_500k_legacy_claim,58,1.0,58.0,0.10281465987926675
base_500k_legacy_claim,67,1.0,67.0,0.11876865882604952
base_500k_legacy_claim,78,1.0,78.0,0.13826799087211736
base_500k_legacy_claim,91,1.0,91.0,0.16131265601747025
base_500k_legacy_claim,105,1.0,105.0,0.18612998771246567
base_500k_legacy_claim,122,1.0,122.0,0.21626531905638868
base_500k_legacy_claim,142,1.0,142.0,0.2517186500492393
base_500k_legacy_claim,165,1.0,165.0,0.2924899806910175
base_500k_legacy_claim,192,1.0,192.0,0.3403519775313658
base_500k_legacy_claim,223,1.0,223.0,0.39530464057028425
base_500k_legacy_claim,259,1.0,259.0,0.4591206363574153
base_500k_legacy_claim,301,1.0,301.0,0.5335726314424016
base_500k_legacy_claim,350,1.0,350.0,0.6204332923748855
base_500k_legacy_claim,406,1.0,406.0,0.7197026191548672
base_500k_legacy_claim,472,1.0,472.0,0.8366986114312742
base_500k_legacy_claim,549,1.0,549.0,0.973193935753749
base_500k_legacy_claim,638,1.0,638.0,1.1309612586719342
base_500k_legacy_claim,741,1.0,741.0,1.3135459132851148
base_500k_legacy_claim,861,1.0,861.0,1.5262658992422184
base_500k_legacy_claim,1001,1.0,1001.0,1.7744392161921727
base_500k_legacy_claim,1163,1.0,1163.0,2.0616111972342623
base_500k_legacy_claim,1351,1.0,1351.0,2.394872508567058
base_500k_legacy_claim,1570,1.0,1570.0,2.7830864829387725
base_500k_legacy_claim,1825,1.0,1825.0,3.2351164530976178
base_500k_legacy_claim,2120,1.0,2120.0,3.758053085242164
base_500k_legacy_claim,2464,1.0,2464.0,4.367850378319194
base_500k_legacy_claim,2863,1.0,2863.0,5.075144331626564
base_500k_legacy_claim,3327,1.0,3327.0,5.897661610660698
base_500k_legacy_claim,3866,1.0,3866.0,6.853128880918021
base_500k_legacy_claim,4493,1.0,4493.0,7.964590807543888
base_500k_legacy_claim,5221,1.0,5221.0,9.255092055683651
base_500k_legacy_claim,6067,1.0,6067.0,10.754767956681231
base_500k_legacy_claim,7050,1.0,7050.0,12.497299174979837
base_500k_legacy_claim,8192,1.0,8192.0,14.521684374671608
