scheme,pair_index,delta,exact_contribution,linearized_contribution,amplitude_R_k,normalized_abs_error
"RoPE, base=10000",0,1,-0.9524986948506357,-1.060705851832365,0.9526294617807264,0.11358787579311995
"RoPE, base=10000",4,1,-3.209395618012662,-3.2181677544431992,3.344129013221543,0.002623145337949714
"RoPE, base=10000",12,1,-1.3503348252192289,-1.350344834584683,2.3046990966686227,4.343024852353752e-06
"RoPE, base=10000",24,1,0.033491890836289284,0.03349189078105415,0.3331239145746572,1.6580957863655125e-10
"RoPE, base=10000",31,1,-0.06728229156499083,-0.06728229156496586,0.09231218826770227,2.704533467843572e-13
"RoPE, base=10000",0,2,-0.5279188353811698,-1.1187004097703017,0.9526294617807264,0.6201588320438658
"RoPE, base=10000",4,2,-3.342480408991606,-3.4024949601419934,3.344129013221543,0.0179462427774444
"RoPE, base=10000",12,2,-1.408711142471499,-1.4087907752178095,2.3046990966686227,3.455233979371574e-05
"RoPE, base=10000",24,2,0.03316043812504706,0.03316043768315479,0.3331239145746572,1.3265102066786584e-09
"RoPE, base=10000",31,2,-0.06727386269636225,-0.06727386269616242,0.09231218826770227,2.164679121927715e-12
"RoPE, base=10000",0,3,0.38202716671529785,-0.6753393207610241,0.9526294617807264,1.1099451884457818
"RoPE, base=10000",4,3,-3.1440932913057695,-3.311018479591296,3.344129013221543,0.04991589368278294
"RoPE, base=10000",12,3,-1.4656788659699804,-1.46594610756527,2.3046990966686227,0.00011595509178432153
"RoPE, base=10000",24,3,0.03282895225336949,0.03282895076194537,0.3331239145746572,4.4770851052559155e-09
"RoPE, base=10000",31,3,-0.06726543263141645,-0.067265432630742,0.09231218826770227,7.306149083031115e-12
"RoPE, base=10000",0,4,0.9407391535422651,0.26937741519546776,0.9526294617807264,0.704745932475291
"RoPE, base=10000",4,4,-2.6339082042180193,-2.9437383127911065,3.344129013221543,0.09264896998531821
"RoPE, base=10000",12,4,-1.5211810327383257,-1.5218108316270649,2.3046990966686227,0.00027326729534854927
"RoPE, base=10000",24,4,0.03249743355274239,0.0324974300174259,0.3331239145746572,1.061261691598127e-08
"RoPE, base=10000",31,4,-0.06725700137030327,-0.06725700136870458,0.09231218826770227,1.7318334987695598e-11
"RoPE, base=10000",0,5,0.6345399010433577,1.7154497980991739,0.9526294617807264,1.134659319725598
"RoPE, base=10000",4,5,-1.8625199168508193,-2.3006544597414256,3.344129013221543,0.13101604069646866
"RoPE, base=10000",12,5,-1.5751621452347933,-1.5763849474031937,2.3046990966686227,0.0005305691186183145
"RoPE, base=10000",24,5,0.03216588235468445,0.03216587544959637,0.3331239145746572,2.072828690941983e-08
"RoPE, base=10000",31,5,-0.06724856891317271,-0.06724856891005013,0.09231218826770227,3.3826362282690985e-11
"RoPE, base=10000",0,6,-0.2550524101441304,3.662877827950094,0.9526294617807264,4.112753589172461
"RoPE, base=10000",4,6,-0.9064265732912439,-1.3817669204422547,3.344129013221543,0.14214174909865482
"RoPE, base=10000",12,6,-1.6275682268451628,-1.6296684548936566,2.3046990966686227,0.0009112808051726867
"RoPE, base=10000",24,6,0.031834298990746836,0.031834287058456784,0.3331239145746572,3.5819373901940926e-08
"RoPE, base=10000",31,6,-0.0672401352601747,-0.06724013525477869,0.09231218826770227,5.845385306099729e-11
"RoPE, base=10000",0,7,-0.910150711679558,6.111661504748229,0.9526294617807264,7.370979481670363
"RoPE, base=10000",4,7,0.13955658548013483,-0.18707569489359033,3.344129013221543,0.09767334904910518
"RoPE, base=10000",12,7,-1.6783468758548519,-1.6816613540984537,2.3046990966686227,0.0014381392557455404
"RoPE, base=10000",24,7,0.03150268379251288,0.03150266484400715,0.3331239145746572,5.6881253193399925e-08
"RoPE, base=10000",31,7,-0.0672317004114592,-0.06723170040289025,0.09231218826770227,9.282578243400536e-11
"RoPE, base=10000",0,8,-0.7284606462718568,9.061800828493578,0.9526294617807264,10.277092896596404
"RoPE, base=10000",4,8,1.171699995892361,1.2834192169045648,3.344129013221543,0.03340756907717099
"RoPE, base=10000",12,8,-1.7274473178462637,-1.7323636450175848,2.3046990966686227,0.002133175293219555
"RoPE, base=10000",24,8,0.031171037091597756,0.031171008806247444,0.3331239145746572,8.490939579643684e-08
"RoPE, base=10000",31,8,-0.06722326436717622,-0.06722326435438479,0.09231218826770227,1.3856712551310603e-10
"RoPE, base=10000",0,10,0.8613455971343705,16.466146416825918,0.9526294617807264,16.380766547473247
"RoPE, base=10000",4,10,2.7965624123896644,5.051820099249349,3.344129013221543,0.6743931462998265
"RoPE, base=10000",12,10,-1.82041892253199,-1.8298964019988495,2.3046990966686227,0.004112241585270208
"RoPE, base=10000",24,10,0.030507650508341873,0.03050759526079789,0.3331239145746572,1.658468262613086e-07
"RoPE, base=10000",31,10,-0.06720638869250789,-0.06720638866752289,0.09231218826770227,2.7065765256439054e-10
"RoPE, base=10000",0,11,0.8078012467123413,20.920352681412908,0.9526294617807264,21.112669974623255
"RoPE, base=10000",4,11,3.228144723382931,7.349726069795978,3.344129013221543,1.2324827571294321
"RoPE, base=10000",12,11,-1.8641971213689947,-1.8767268680609832,2.3046990966686227,0.005436608497002681
"RoPE, base=10000",24,11,0.030175911289387642,0.030175837753108028,0.3331239145746572,2.2074752485986624e-07
"RoPE, base=10000",31,11,-0.06719794906242266,-0.06719794902916643,0.09231218826770227,3.6025829011314584e-10
"RoPE, base=10000",0,13,-0.7953006446061561,31.332832151428534,0.9526294617807264,33.72573921443145
"RoPE, base=10000",4,13,3.119857101268267,12.772949069637708,3.344129013221543,2.8865788162482753
"RoPE, base=10000",12,13,-1.946119483048312,-1.9665159753282524,2.3046990966686227,0.008849958898935723
"RoPE, base=10000",24,13,0.02951234265552222,0.02951222126779813,0.3331239145746572,3.6439210389864584e-07
"RoPE, base=10000",31,13,-0.06718106621750038,-0.06718106616260247,0.09231218826770227,5.946983458567954e-10
"RoPE, base=10000",0,15,-0.14587755199883118,43.750734209233016,0.9526294617807264,46.07941862214815
"RoPE, base=10000",4,15,1.8046740362363096,19.29938681447741,3.344129013221543,5.231470648730283
"RoPE, base=10000",12,15,-2.020259961275461,-2.051142649452858,2.3046990966686227,0.013399878631455194
"RoPE, base=10000",24,15,0.028848655972325537,0.02884846948924802,0.3331239145746572,5.598009310011528e-07
"RoPE, base=10000",31,15,-0.06716417859390988,-0.06716417850957049,0.09231218826770227,9.136322966606411e-10
"RoPE, base=10000",0,17,0.9167136081812659,58.174058854826356,0.9526294617807264,60.10452914143057
"RoPE, base=10000",4,17,-0.20863487225153987,26.929039304315076,3.344129013221543,8.115020105165026
"RoPE, base=10000",12,17,-2.086322092978325,-2.1306068904348003,2.3046990966686227,0.019215001871814196
"RoPE, base=10000",24,17,0.02818485389454342,0.028184582417457683,0.3331239145746572,8.14943250424967e-07
"RoPE, base=10000",31,17,-0.06714728619285237,-0.0671472860700705,0.09231218826770227,1.3300721205815072e-09
"RoPE, base=10000",0,20,-0.9441054875543984,83.56921317532047,0.9526294617807264,88.7158355409327
"RoPE, base=10000",4,20,-2.833891441195078,40.442045685942766,3.344129013221543,12.940869492781719
"RoPE, base=10000",12,20,-2.169699635214269,-2.2401236897652197,2.3046990966686227,0.030556724152283624
"RoPE, base=10000",24,20,0.02718894022141241,0.02718849813494676,0.3331239145746572,1.3270931515485995e-06
"RoPE, base=10000",31,20,-0.067121938636144,-0.06712193843619299,0.09231218826770227,2.166030486649363e-09
"RoPE, base=10000",0,23,0.9526010891750535,113.47656831833952,0.9526294617807264,118.1193441348204
"RoPE, base=10000",4,23,-3.0942860671375865,56.437285243815865,3.344129013221543,17.801816579315023
"RoPE, base=10000",12,23,-2.2335645218128857,-2.338025014524646,2.3046990966686227,0.045325002670721586
"RoPE, base=10000",24,23,0.02619278184800295,0.026192109442645328,0.3331239145746572,2.0184841982274676e-06
"RoPE, base=10000",31,23,-0.06709658033689525,-0.06709658003276242,0.09231218826770227,3.2946118571689447e-09
"RoPE, base=10000",0,27,-0.6282258662041353,160.3720208996259,0.9526294617807264,169.0061595037249
"RoPE, base=10000",4,27,0.27762389370796003,81.6255229284729,3.344129013221543,24.325586337464504
"RoPE, base=10000",12,27,-2.2873979175462975,-2.4504915982045583,2.3046990966686227,0.07076571553047308
"RoPE, base=10000",24,27,0.024864205534671807,0.024863117659902654,0.3331239145746572,3.2656759888854684e-06
"RoPE, base=10000",31,27,-0.06706275256762675,-0.06706275207555025,0.09231218826770227,5.330569167217551e-09
"RoPE, base=10000",0,32,-0.8649136599958405,230.27183868254622,0.9526294617807264,242.63027925909543
"RoPE, base=10000",4,32,3.3295356451108775,119.31640297490773,3.344129013221543,34.68372986544171
"RoPE, base=10000",12,32,-2.303246495926799,-2.562036141376966,2.3046990966686227,0.11228782352721361
"RoPE, base=10000",24,32,0.023202928190817457,0.02320111690699805,0.3331239145746572,5.437267455606154e-06
"RoPE, base=10000",31,32,-0.0670204410245,-0.06702044020515245,0.09231218826770227,8.87583279639317e-09
"RoPE, base=10000",0,37,0.13753926814129946,312.70554763914686,0.9526294617807264,328.1107932421089
"RoPE, base=10000",4,37,-0.3464941326039521,163.90237517757984,3.344129013221543,49.11558993709597
"RoPE, base=10000",12,37,-2.2616337727414466,-2.641315477407727,2.3046990966686227,0.16474241917955146
"RoPE, base=10000",24,37,0.021541070774966822,0.02153827057134206,0.3331239145746572,8.405891928625368e-06
"RoPE, base=10000",31,37,-0.06697809968610674,-0.0669780984193295,0.09231218826770227,1.3722751701809433e-08
"RoPE, base=10000",0,43,0.3954516663971796,428.17073473632576,0.9526294617807264,449.0468752350467
"RoPE, base=10000",4,43,-3.0391837957360197,226.50706346701958,3.344129013221543,68.64156447168742
"RoPE, base=10000",12,43,-2.137410974789132,-2.6938606072176654,2.3046990966686227,0.24144133749721342
"RoPE, base=10000",24,43,0.01954613467912964,0.019541738799323034,0.3331239145746572,1.319592984552438e-05
"RoPE, base=10000",31,43,-0.0669272507767878,-0.0669272487879808,0.09231218826770227,2.1544359757803244e-08
"RoPE, base=10000",0,50,-0.27126018206003644,585.6918016191327,0.9526294617807264,615.100713665995
"RoPE, base=10000",4,50,2.9385422877040064,312.0949341957178,3.344129013221543,92.44750746326551
"RoPE, base=10000",12,50,-1.8959918446112038,-2.696440581664796,2.3046990966686227,0.347311602720837
"RoPE, base=10000",24,50,0.017217824931698503,0.017210912771359974,0.3331239145746572,2.0749517029821667e-05
"RoPE, base=10000",31,50,-0.06686787289955393,-0.06686786977200027,0.09231218826770227,3.3880181145682663e-08
"RoPE, base=10000",0,58,-0.864006307450456,795.7972168734591,0.9526294617807264,836.2760707514698
"RoPE, base=10000",4,58,-1.4888036479881632,426.457864774914,3.344129013221543,127.96954505368045
"RoPE, base=10000",12,58,-1.5076880967953414,-2.621952626750134,2.3046990966686227,0.4834750582255821
"RoPE, base=10000",24,58,0.014555873095009626,0.014545082197941709,0.3331239145746572,3.2393042335799694e-05
"RoPE, base=10000",31,58,-0.06679994112559698,-0.06679993624243077,0.09231218826770227,5.2898390735942816e-08
"RoPE, base=10000",0,67,0.9525819747341033,1070.5195160260384,0.9526294617807264,1122.7523155234637
"RoPE, base=10000",4,67,0.5520978194162469,576.2151436745957,3.344129013221543,172.1413987256569
"RoPE, base=10000",12,67,-0.9576036184474946,-2.4394221436176986,2.3046990966686227,0.6429553113078785
"RoPE, base=10000",24,67,0.011560072247701957,0.011543435319626899,0.3331239145746572,4.994216070092357e-05
"RoPE, base=10000",31,67,-0.06672342701020362,-0.0667234194804642,0.09231218826770227,8.156820411834798e-08
"RoPE, base=10000",0,78,0.013727469444700546,1461.4403361544953,0.9526294617807264,1534.097639549913
"RoPE, base=10000",4,78,-1.6113744335229288,789.5902233727616,3.344129013221543,236.5942207007885
"RoPE, base=10000",12,78,-0.18565516487228884,-2.0743624194770307,2.3046990966686227,0.8195027530205549
"RoPE, base=10000",24,78,0.007897290695864655,0.007871035237580457,0.3331239145746572,7.881589143080009e-05
"RoPE, base=10000",31,78,-0.06662977925098365,-0.06662976736574562,0.09231218826770227,1.2875047437145906e-07
"RoPE, base=10000",0,91,0.41267888650247697,2001.6491499573463,0.9526294617807264,2100.750135659128
"RoPE, base=10000",4,91,3.327866258691921,1084.7861471618787,3.344129013221543,323.390119408416
"RoPE, base=10000",12,91,0.7478107378343286,-1.4415933074741805,2.3046990966686227,0.9499739243497256
"RoPE, base=10000",24,91,0.003567351534266343,0.003525649613338712,0.3331239145746572,0.0001251844106741842
"RoPE, base=10000",31,91,-0.06651891980351944,-0.06651890092155269,0.09231218826770227,2.0454467723237897e-07
"RoPE, base=10000",0,105,0.9069669621940784,2678.1687051719014,0.9526294617807264,2810.3914959782564
"RoPE, base=10000",4,105,-1.2523888789109903,1454.8163464051584,3.344129013221543,435.4104550173859
"RoPE, base=10000",12,105,1.6096233478329278,-0.5162246824033332,2.3046990966686227,0.9223972158917368
"RoPE, base=10000",24,105,-0.0010963131044696428,-0.001160389049137532,0.3331239145746572,0.00019234867826739812
"RoPE, base=10000",31,105,-0.06639930914923706,-0.06639928012873096,0.09231218826770227,3.1437350408118565e-07
"RoPE, base=10000",0,122,0.03058694291964653,3631.7639494744526,0.9526294617807264,3812.3252620583585
"RoPE, base=10000",4,122,-3.214242926817504,1976.8130025273106,3.344129013221543,592.0905675663782
"RoPE, base=10000",12,122,2.227216429045577,0.9475125027413691,2.3046990966686227,0.5552585706973324
"RoPE, base=10000",24,122,-0.006758957803401654,-0.006859491295772631,0.3331239145746572,0.00030179007862296423
"RoPE, base=10000",31,122,-0.06625375654901008,-0.06625371100029516,0.09231218826770227,4.934203790317398e-07
"RoPE, base=10000",0,142,0.8817321160223628,4939.142296847923,0.9526294617807264,5183.820953317726
"RoPE, base=10000",4,142,-3.1733211006945394,2692.9740795245075,3.344129013221543,806.2330699457917
"RoPE, base=10000",12,142,2.146711724444556,3.1470813156668136,2.3046990966686227,0.43405648601495495
"RoPE, base=10000",24,142,-0.01341826877543531,-0.013576832093005108,0.3331239145746572,0.0004759889957818844
"RoPE, base=10000",31,142,-0.06608208232697044,-0.06608201045384353,0.09231218826770227,7.785876194285907e-07
"RoPE, base=10000",0,165,-0.7749853653414848,6690.547763742812,0.9526294617807264,7024.056065401554
"RoPE, base=10000",4,165,-0.8589073738592101,3652.944240921657,3.344129013221543,1092.6023289916552
"RoPE, base=10000",12,165,1.0459308077120713,6.314791247792856,2.3046990966686227,2.2861381113458528
"RoPE, base=10000",24,165,-0.02106967673025123,-0.021318499636644964,0.3331239145746572,0.00074693798765751
"RoPE, base=10000",31,165,-0.06588407594876418,-0.06588396309831515,0.09231218826770227,1.222486988378143e-06
"RoPE, base=10000",0,192,0.7562222513820742,9084.960547439223,0.9526294617807264,9535.92628575378
"RoPE, base=10000",4,192,3.047435015090744,4966.033222954109,3.344129013221543,1484.0892107677619
"RoPE, base=10000",12,192,-0.860767105555771,10.904567847895732,2.3046990966686227,5.104933208180129
"RoPE, base=10000",24,192,-0.03003724386010826,-0.03042937487868365,0.3331239145746572,0.0011771325966642052
"RoPE, base=10000",31,192,-0.06565084298544457,-0.06565066500795559,0.09231218826770227,1.9279955585558347e-06
"RoPE, base=10000",0,223,0.45767476375945637,12284.819877548058,0.9526294617807264,12895.215501532519
"RoPE, base=10000",4,223,-2.3233930881852465,6721.6014199667,3.344129013221543,2010.6654936064888
"RoPE, base=10000",12,223,-2.2551523173472403,17.334568200531187,2.3046990966686227,8.499903760185575
"RoPE, base=10000",24,223,-0.04030594024648305,-0.04092041657157922,0.3331239145746572,0.0018445878491759216
"RoPE, base=10000",31,223,-0.0653820076338893,-0.0653817284788552,0.09231218826770227,3.02403224670649e-06
"RoPE, base=10000",0,259,-0.8871830070889599,16605.420461441172,0.9526294617807264,17432.07439059157
"RoPE, base=10000",4,259,-3.1062292378052314,9092.945023404658,3.344129013221543,2720.0060813075884
"RoPE, base=10000",12,259,-1.376550213060293,26.358138976749935,2.3046990966686227,12.033974079257417
"RoPE, base=10000",24,259,-0.052181609058444246,-0.05314435267525602,0.3331239145746572,0.002890046540303601
"RoPE, base=10000",31,259,-0.0650684098689624,-0.06506797197011441,0.09231218826770227,4.743673140034608e-06
"RoPE, base=10000",0,301,0.036826928818278204,22467.341692349346,0.9526294617807264,23584.516086033465
"RoPE, base=10000",4,301,-3.157433234030818,12311.278998825612,3.344129013221543,3682.4047108735604
"RoPE, base=10000",12,301,1.4635603431235717,38.99965458759253,2.3046990966686227,16.28676572083099
"RoPE, base=10000",24,301,-0.06595001587854402,-0.06746101404475008,0.3331239145746572,0.0045358441711722056
"RoPE, base=10000",31,301,-0.06470065099617206,-0.06469996265126253,0.09231218826770227,7.456706665067312e-06
"RoPE, base=10000",0,350,0.9189636117762766,30424.02220994436,0.9526294617807264,31935.925212129703
"RoPE, base=10000",4,350,3.31889657288204,16680.906288643295,3.344129013221543,4987.124398050418
"RoPE, base=10000",12,350,1.8110847188090284,56.62550063980101,2.3046990966686227,23.78376248778024
"RoPE, base=10000",24,350,-0.08186444911127207,-0.08423919471226222,0.3331239145746572,0.007128715463178852
"RoPE, base=10000",31,350,-0.06426903462833486,-0.06426795058832253,0.09231218826770227,1.1743194833273605e-05
"RoPE, base=10000",0,406,0.914995607469147,40991.3569749349,0.9526294617807264,43028.736380525115
"RoPE, base=10000",4,406,1.7562407070982022,22485.628886008442,3.344129013221543,6723.386734303932
"RoPE, base=10000",12,406,-1.756858660012019,80.56371305932556,2.3046990966686227,35.71857681477548
"RoPE, base=10000",24,406,-0.09980953280117394,-0.10351369886383968,0.3331239145746572,0.01111948407361932
"RoPE, base=10000",31,406,-0.06377239979520273,-0.06377070446239626,0.09231218826770227,1.8365210903007228e-05
"RoPE, base=10000",0,472,-0.9217121387504692,55464.17363971181,0.9526294617807264,58223.157667318854
"RoPE, base=10000",4,472,1.7967077503564406,30437.294730886384,3.344129013221543,9101.173400546262
"RoPE, base=10000",12,472,-0.42991839472367244,113.97259522614178,2.3046990966686227,49.638806986205445
"RoPE, base=10000",24,472,-0.12055312609120226,-0.1263662514030543,0.3331239145746572,0.01745033922063794
"RoPE, base=10000",31,472,-0.06318251662896837,-0.06317984680534931,0.09231218826770227,2.8921680540031527e-05
"RoPE, base=10000",0,549,-0.21206170923460416,75109.33992955275,0.9526294617807264,78844.4563228002
"RoPE, base=10000",4,549,3.263239548828111,41232.6754112239,3.344129013221543,12328.894013555022
"RoPE, base=10000",12,549,1.7971057244584916,160.05506833749428,2.3046990966686227,68.66751622444964
"RoPE, base=10000",24,549,-0.14408430170800646,-0.153213776932316,0.3331239145746572,0.0274056434403364
"RoPE, base=10000",31,549,-0.06248813710227311,-0.06248392489720652,0.09231218826770227,4.5629999088866366e-05
"RoPE, base=10000",0,638,0.6905801453994501,101519.6047402511,0.9526294617807264,106567.05280795366
"RoPE, base=10000",4,638,-3.3304948225512154,55747.81491102991,3.344129013221543,16671.350054203893
"RoPE, base=10000",12,638,-2.1654824017196663,222.85294897631044,2.3046990966686227,97.63462471226298
"RoPE, base=10000",24,638,-0.17021007459233461,-0.18449518520557096,0.3331239145746572,0.042882272896658066
"RoPE, base=10000",31,638,-0.061677338895026274,-0.06167070821693938,0.09231218826770227,7.182884742794897e-05
"RoPE, base=10000",0,741,-0.13138631353933283,137041.69786605088,0.9526294617807264,143856.3835681207
"RoPE, base=10000",4,741,-1.0675948089523013,75273.38163122689,3.344129013221543,22509.43337664423
"RoPE, base=10000",12,741,2.0600866806940843,308.2906826465261,2.3046990966686227,132.87226797127084
"RoPE, base=10000",24,741,-0.19875059377159043,-0.22103170933298838,0.3331239145746572,0.0668853678361107
"RoPE, base=10000",31,741,-0.06072816194969529,-0.06071773766274032,0.09231218826770227,0.00011292427522816006
"RoPE, base=10000",0,861,-0.6547937430567168,185134.7992872141,0.9526294617807264,194341.516306554
"RoPE, base=10000",4,861,-0.25628359000313283,101711.86802531926,3.344129013221543,30415.131685034838
"RoPE, base=10000",12,861,-1.008166975293221,425.0981286973364,2.3046990966686227,184.8858691741448
"RoPE, base=10000",24,861,-0.22932495877871753,-0.2640510894476502,0.3331239145746572,0.104243883880771
"RoPE, base=10000",31,861,-0.05960788822126841,-0.059591469970864216,0.09231218826770227,0.00017785571669479174
"RoPE, base=10000",0,1001,-0.5487166222260187,250368.09038634374,0.9526294617807264,262818.49254871387
"RoPE, base=10000",4,1001,0.7065268724482969,137576.39590816776,3.344129013221543,41139.46825535945
"RoPE, base=10000",12,1001,-1.7051302543695888,584.862553222401,2.3046990966686227,254.50944304372877
"RoPE, base=10000",24,1001,-0.260798048755794,-0.3148559504911019,0.3331239145746572,0.1622756559047056
"RoPE, base=10000",31,1001,-0.058281631071499,-0.058255712567516625,0.09231218826770227,0.00028077011788446473
"RoPE, base=10000",0,1163,-0.8752441908865642,338116.48906524514,0.9526294617807264,354930.6187497569
"RoPE, base=10000",4,1163,3.0872591750949168,185823.4879456418,3.344129013221543,55566.157870028575
"RoPE, base=10000",12,1163,0.7412572177373197,801.3036757710776,2.3046990966686227,347.3609286827001
"RoPE, base=10000",24,1163,-0.2908124788193772,-0.37447181836624843,0.3331239145746572,0.2511357962800086
"RoPE, base=10000",31,1163,-0.05672164073861036,-0.056680778784179466,0.09231218826770227,0.0004426496132011374
"RoPE, base=10000",0,1351,-0.5911108751194616,456442.5648598916,0.9526294617807264,479140.2893597998
"RoPE, base=10000",4,1351,-2.694358658869546,250887.8817111829,3.344129013221543,75024.1916737755
"RoPE, base=10000",12,1351,1.4231370926846392,1094.9432750309127,2.3046990966686227,474.47414698014416
"RoPE, base=10000",24,1351,-0.31605491880704617,-0.4447684519370022,0.3331239145746572,0.3863833471515098
"RoPE, base=10000",31,1351,-0.05487814714102579,-0.054813709150963646,0.09231218826770227,0.0006980442265606123
"RoPE, base=10000",0,1570,0.2283850902775592,616623.5217199239,0.9526294617807264,647285.5586279558
"RoPE, base=10000",4,1570,-2.9425688858858288,338972.58368725854,3.344129013221543,101364.36869386607
"RoPE, base=10000",12,1570,0.053808791108179044,1494.5200640765088,2.3046990966686227,648.44311235465
"RoPE, base=10000",24,1570,-0.3313753234518967,-0.5281639382292518,0.3331239145746572,0.5907369785445459
"RoPE, base=10000",31,1570,-0.05268726512979041,-0.05258544262094022,0.09231218826770227,0.0011030234550805757
"RoPE, base=10000",0,1825,0.27139781698715265,833435.0232993811,0.9526294617807264,874878.2032656964
"RoPE, base=10000",4,1825,-0.10822036795636292,458205.1584789853,3.344129013221543,137017.81985313044
"RoPE, base=10000",12,1825,-2.26474371991418,2037.778620599846,2.3046990966686227,885.1669041167672
"RoPE, base=10000",24,1825,-0.32925807827449344,-0.6273123833264537,0.3331239145746572,0.8947250317697257
"RoPE, base=10000",31,1825,-0.050079750099279285,-0.04991856815371891,0.09231218826770227,0.001746052699901426
"RoPE, base=10000",0,2120,-0.019826837795985708,1124928.6490440122,0.9526294617807264,1180866.9729433605
"RoPE, base=10000",4,2120,2.6771609871031417,618515.4563046399,3.344129013221543,184954.8198344262
"RoPE, base=10000",12,2120,2.2952845801325723,2770.9548027720775,2.3046990966686227,1201.3106275750977
"RoPE, base=10000",24,2120,-0.3003225353887629,-0.7447574417220693,0.3331239145746572,1.334142902647624
"RoPE, base=10000",31,2120,-0.04699117370377347,-0.04673628488220177,0.09231218826770227,0.0027611610812405844
"RoPE, base=10000",0,2464,-0.9523267631215866,1519942.8565264943,0.9526294617807264,1595524.6712719435
"RoPE, base=10000",4,2464,-2.883956475596287,835766.5978598137,3.344129013221543,249921.42304070582
"RoPE, base=10000",12,2464,-0.062037650832700963,3767.760966935577,2.3046990966686227,1634.8437893827686
"RoPE, base=10000",24,2464,-0.23411374900094759,-0.885427775738213,0.3331239145746572,1.9551704282982143
"RoPE, base=10000",31,2464,-0.0432980889555164,-0.04289390118379291,0.09231218826770227,0.004378487600651188
"RoPE, base=10000",0,2863,0.9526028345187558,2052428.6008350973,0.9526294617807264,2154486.8498960305
"RoPE, base=10000",4,2863,-3.3434837918812517,1128634.6270104023,3.344129013221543,337498.3339553013
"RoPE, base=10000",12,2863,0.0557592930607842,5115.245139943558,2.3046990966686227,2219.4608346235473
"RoPE, base=10000",24,2863,-0.1236557888435916,-1.0536025846959396,0.3331239145746572,2.79159422414011
"RoPE, base=10000",31,2863,-0.03890095889355421,-0.03825981013870601,0.09231218826770227,0.006945439891230218
"RoPE, base=10000",0,3327,0.5438601750318826,2772039.5652978937,0.9526294617807264,2909881.6829085946
"RoPE, base=10000",4,3327,1.9592997688617717,1524433.2975704982,3.344129013221543,455853.0284696533
"RoPE, base=10000",12,3327,1.9526711447654925,6940.644707002036,2.3046990966686227,3010.6715648406953
"RoPE, base=10000",24,3327,0.027849382403401714,-1.2559462602021532,0.3331239145746572,3.8538081069348946
"RoPE, base=10000",31,3327,-0.03364990117359011,-0.03263121011072562,0.09231218826770227,0.011035282360540388
"RoPE, base=10000",0,3866,-0.6467864573035935,3743487.650099017,0.9526294617807264,3929637.3323200988
"RoPE, base=10000",4,3866,3.3094915550068946,2058760.1270706973,3.344129013221543,615633.1916139915
"RoPE, base=10000",12,3866,0.7379076703269505,9409.960473177005,2.3046990966686227,4082.625180485973
"RoPE, base=10000",24,3866,0.19428758721718872,-1.5001390769812801,0.3331239145746572,5.086475602800473
"RoPE, base=10000",31,3866,-0.027389761834103948,-0.02576935907188921,0.09231218826770227,0.0175535082918636
"RoPE, base=10000",0,4493,-0.8387073008845306,5056805.548387994,0.9526294617807264,5308261.595896294
"RoPE, base=10000",4,4493,-3.2703690412254103,2781141.5452340096,3.344129013221543,831649.9766027337
"RoPE, base=10000",12,4493,2.223062376573939,12754.200077180112,2.3046990966686227,5533.033372222269
"RoPE, base=10000",24,4493,0.31609777211792955,-1.796563915325804,0.3331239145746572,6.3419694444180115
"RoPE, base=10000",31,4493,-0.019931847518017215,-0.017349793245983382,0.09231218826770227,0.027970892256589032
"RoPE, base=10000",0,5221,-0.2146141575711366,6828957.274601417,0.9526294617807264,7168534.842963188
"RoPE, base=10000",4,5221,1.552629014340845,3755919.328397708,3.344129013221543,1123137.8218118844
"RoPE, base=10000",12,5221,-1.6653185024861101,17273.69876300413,2.3046990966686227,7495.7134779417265
"RoPE, base=10000",24,5221,0.30592477954869485,-2.157420542274468,0.3331239145746572,7.394681720647536
"RoPE, base=10000",31,5221,-0.011101426909101937,-0.006983770181133858,0.09231218826770227,0.044605775306532716
"RoPE, base=10000",0,6067,0.8651181608101118,9222156.966468511,0.9526294617807264,9680737.864333866
"RoPE, base=10000",4,6067,0.03507028606115625,5072327.453096378,3.344129013221543,1516785.8052037843
"RoPE, base=10000",12,6067,1.6734017312569214,23385.043132310348,2.3046990966686227,10145.953441110358
"RoPE, base=10000",24,6067,0.10412356069472944,-2.599287293929996,0.3331239145746572,8.115331071527565
"RoPE, base=10000",31,6067,-0.0007140704615509336,0.005859169914156144,0.09231218826770227,0.07120663586235972
"RoPE, base=10000",0,7050,-0.6967139671125746,12453603.322241383,0.9526294617807264,13072873.051462283
"RoPE, base=10000",4,7050,0.5172297354670177,6849847.469088548,3.344129013221543,2048320.1828562266
"RoPE, base=10000",12,7050,1.0680835218187708,31646.246486784326,2.3046990966686227,13730.720183381416
"RoPE, base=10000",24,7050,-0.20558486243891297,-3.14311488265133,0.3331239145746572,8.818130106192848
"RoPE, base=10000",31,7050,0.011357827046408385,0.021857579949169315,0.09231218826770227,0.1137417831781677
"RoPE, base=10000",0,8192,0.6277292113096282,16816067.712342344,0.9526294617807264,17652264.347526718
"RoPE, base=10000",4,8192,-1.0084854185431773,9249534.193405315,3.344129013221543,2765902.6207776275
"RoPE, base=10000",12,8192,-2.058161786429236,42809.68921144619,2.3046990966686227,18575.85115345305
"RoPE, base=10000",24,8192,-0.32386594396212565,-3.8159468043789717,0.3331239145746572,10.482828484004695
"RoPE, base=10000",31,8192,0.02512375490625773,0.041895673897090605,0.09231218826770227,0.18168693977888575
"YaRN, scale=32",0,1,-0.9524986948506357,-1.060705851832365,0.9526294617807264,0.11358787579311995
"YaRN, scale=32",4,1,-3.209395618012662,-3.2181677544431992,3.344129013221543,0.002623145337949714
"YaRN, scale=32",12,1,-1.3326702957662633,-1.3326737629834482,2.3046990966686227,1.5044120900321425e-06
"YaRN, scale=32",24,1,0.033812953715288155,0.03381295371528647,0.3331239145746572,5.061633659046438e-15
"YaRN, scale=32",31,1,-0.0672904558905093,-0.0672904558905093,0.09231218826770227,0.0
"YaRN, scale=32",0,2,-0.5279188353811698,-1.1187004097703017,0.9526294617807264,0.6201588320438658
"YaRN, scale=32",4,2,-3.342480408991606,-3.4024949601419934,3.344129013221543,0.0179462427774444
"YaRN, scale=32",12,2,-1.3740757314930028,-1.3741033627534545,2.3046990966686227,1.1989096750901839e-05
"YaRN, scale=32",24,2,0.0338025973419124,0.033802597341898916,0.3331239145746572,4.047223950422728e-14
"YaRN, scale=32",31,2,-0.06729019254269776,-0.06729019254269776,0.09231218826770227,0.0
"YaRN, scale=32",0,3,0.38202716671529785,-0.6753393207610241,0.9526294617807264,1.1099451884457818
"YaRN, scale=32",4,3,-3.1440932913057695,-3.311018479591296,3.344129013221543,0.04991589368278294
"YaRN, scale=32",12,3,-1.4148041933908846,-1.4148970849759097,2.3046990966686227,4.030529849183138e-05
"YaRN, scale=32",24,3,0.03379224093552628,0.03379224093548077,0.3331239145746572,1.3662244925796538e-13
"YaRN, scale=32",31,3,-0.06728992919371767,-0.06728992919371764,0.09231218826770227,3.0067075795926316e-16
"YaRN, scale=32",0,4,0.9407391535422651,0.26937741519546776,0.9526294617807264,0.704745932475291
"YaRN, scale=32",4,4,-2.6339082042180193,-2.9437383127911065,3.344129013221543,0.09264896998531821
"YaRN, scale=32",12,4,-1.4548356155332915,-1.4550549296508137,2.3046990966686227,9.515954505258488e-05
"YaRN, scale=32",24,4,0.03378188449613994,0.03378188449603206,0.3331239145746572,3.238404053382509e-13
"YaRN, scale=32",31,4,-0.067289665843569,-0.06728966584356895,0.09231218826770227,6.013415159185263e-16
"YaRN, scale=32",0,5,0.6345399010433577,1.7154497980991739,0.9526294617807264,1.134659319725598
"YaRN, scale=32",4,5,-1.8625199168508193,-2.3006544597414256,3.344129013221543,0.13101604069646866
"YaRN, scale=32",12,5,-1.4941502754082094,-1.4945768967781667,2.3046990966686227,0.00018510935790871222
"YaRN, scale=32",24,5,0.03377152802376347,0.03377152802355277,0.3331239145746572,6.324959096993625e-13
"YaRN, scale=32",31,5,-0.06728940249225179,-0.0672894024922517,0.09231218826770227,1.0523476528574211e-15
"YaRN, scale=32",0,6,-0.2550524101441304,3.662877827950094,0.9526294617807264,4.112753589172461
"YaRN, scale=32",4,6,-0.9064265732912439,-1.3817669204422547,3.344129013221543,0.14214174909865482
"YaRN, scale=32",12,6,-1.532728803635032,-1.5334629863579685,2.3046990966686227,0.00031855903618719397
"YaRN, scale=32",24,6,0.033761171518407004,0.033761171518042914,0.3331239145746572,1.0929587642955788e-12
"YaRN, scale=32",31,6,-0.06728913913976604,-0.06728913913976588,0.09231218826770227,1.804024547755579e-15
"YaRN, scale=32",0,7,-0.910150711679558,6.111661504748229,0.9526294617807264,7.370979481670363
"YaRN, scale=32",4,7,0.13955658548013483,-0.18707569489359033,3.344129013221543,0.09767334904910518
"YaRN, scale=32",12,7,-1.570552193507384,-1.571713198390219,2.3046990966686227,0.0005037555160726572
"YaRN, scale=32",24,7,0.03375081498008063,0.03375081497950246,0.3331239145746572,1.7355987710811784e-12
"YaRN, scale=32",31,7,-0.06728887578611173,-0.06728887578611148,0.09231218826770227,2.7060368216333683e-15
"YaRN, scale=32",0,8,-0.7284606462718568,9.061800828493578,0.9526294617807264,10.277092896596404
"YaRN, scale=32",4,8,1.171699995892361,1.2834192169045648,3.344129013221543,0.03340756907717099
"YaRN, scale=32",12,8,-1.6076018103572665,-1.6093275328749184,2.3046990966686227,0.0007487843077413623
"YaRN, scale=32",24,8,0.03374045840879448,0.033740458407931447,0.3331239145746572,2.5907232427060073e-12
"YaRN, scale=32",31,8,-0.0672886124312889,-0.0672886124312885,0.09231218826770227,4.359725990409316e-15
"YaRN, scale=32",0,10,0.8613455971343705,16.466146416825918,0.9526294617807264,16.380766547473247
"YaRN, scale=32",4,10,2.7965624123896644,5.051820099249349,3.344129013221543,0.6743931462998265
"YaRN, scale=32",12,10,-1.6793071014067826,-1.6826485692016635,2.3046990966686227,0.0014498499173750783
"YaRN, scale=32",24,10,0.03371974516738329,0.03371974516569769,0.3331239145746572,5.059988107363044e-12
"YaRN, scale=32",31,10,-0.06728808571813762,-0.06728808571813685,0.09231218826770227,8.268445843879737e-15
"YaRN, scale=32",0,11,0.8078012467123413,20.920352681412908,0.9526294617807264,21.112669974623255
"YaRN, scale=32",4,11,3.228144723382931,7.349726069795978,3.344129013221543,1.2324827571294321
"YaRN, scale=32",12,11,-1.7139274481464242,-1.7183552710437093,2.3046990966686227,0.0019212151832243662
"YaRN, scale=32",24,11,0.03370938849727848,0.033709388495034937,0.3331239145746572,6.734868104303809e-12
"YaRN, scale=32",31,11,-0.0672878223598092,-0.06728782235980818,0.09231218826770227,1.0974482665513106e-14
"YaRN, scale=32",0,13,-0.7953006446061561,31.332832151428534,0.9526294617807264,33.72573921443145
"YaRN, scale=32",4,13,3.119857101268267,12.772949069637708,3.344129013221543,2.8865788162482753
"YaRN, scale=32",12,13,-1.7806182694276764,-1.7878610420851473,2.3046990966686227,0.003142610967278524
"YaRN, scale=32",24,13,0.03368867505832102,0.033688675054617714,0.3331239145746572,1.1116909747876795e-11
"YaRN, scale=32",31,13,-0.06728729563964676,-0.06728729563964508,0.09231218826770227,1.8190580856535423e-14
"YaRN, scale=32",0,15,-0.14587755199883118,43.750734209233016,0.9526294617807264,46.07941862214815
"YaRN, scale=32",4,15,1.8046740362363096,19.29938681447741,3.344129013221543,5.231470648730283
"YaRN, scale=32",12,15,-1.8438004529586758,-1.854823302936381,2.3046990966686227,0.004782771856696447
"YaRN, scale=32",24,15,0.033667961487767156,0.033667961482078186,0.3331239145746572,1.7077639519100516e-11
"YaRN, scale=32",31,15,-0.0672867689148103,-0.06728676891480773,0.09231218826770227,2.7812045111231844e-14
"YaRN, scale=32",0,17,0.9167136081812659,58.174058854826356,0.9526294617807264,60.10452914143057
"YaRN, scale=32",4,17,-0.20863487225153987,26.929039304315076,3.344129013221543,8.115020105165026
"YaRN, scale=32",12,17,-1.9033495007501076,-1.9192420535974093,2.3046990966686227,0.006895717046215305
"YaRN, scale=32",24,17,0.033647247785697824,0.03364724777741635,0.3331239145746572,2.4860036663377354e-11
"YaRN, scale=32",31,17,-0.06728624218529981,-0.06728624218529608,0.09231218826770227,4.0440216945520895e-14
"YaRN, scale=32",0,20,-0.9441054875543984,83.56921317532047,0.9526294617807264,88.7158355409327
"YaRN, scale=32",4,20,-2.833891441195078,40.442045685942766,3.344129013221543,12.940869492781719
"YaRN, scale=32",12,20,-1.9856062784990525,-2.0111010979823187,2.3046990966686227,0.0110621033002127
"YaRN, scale=32",24,20,0.0336161769861793,0.03361617697269429,0.3331239145746572,4.0480467262644246e-11
"YaRN, scale=32",31,20,-0.06728545208227041,-0.06728545208226432,0.09231218826770227,6.599723137205827e-14
"YaRN, scale=32",0,23,0.9526010891750535,113.47656831833952,0.9526294617807264,118.1193441348204
"YaRN, scale=32",4,23,-3.0942860671375865,56.437285243815865,3.344129013221543,17.801816579315023
"YaRN, scale=32",12,23,-2.059061606753803,-2.0972372444392673,2.3046990966686227,0.016564261139612332
"YaRN, scale=32",24,23,0.0335851058912061,0.03358510587069703,0.3331239145746572,6.156587915130233e-11
"YaRN, scale=32",31,23,-0.0672846619687247,-0.06728466196871541,0.09231218826770227,1.0057436853737353e-13
"YaRN, scale=32",0,27,-0.6282258662041353,160.3720208996259,0.9526294617807264,169.0061595037249
"YaRN, scale=32",4,27,0.27762389370796003,81.6255229284729,3.344129013221543,24.325586337464504
"YaRN, scale=32",12,27,-2.1427539372353253,-2.2031831540494826,2.3046990966686227,0.026220002820099102
"YaRN, scale=32",24,27,0.033543677305451,0.03354367727227262,0.3331239145746572,9.959770301975232e-11
"YaRN, scale=32",31,27,-0.06728360846763855,-0.06728360846762355,0.09231218826770227,1.6251254467698175e-13
"YaRN, scale=32",0,32,-0.8649136599958405,230.27183868254622,0.9526294617807264,242.63027925909543
"YaRN, scale=32",4,32,3.3295356451108775,119.31640297490773,3.344129013221543,34.68372986544171
"YaRN, scale=32",12,32,-2.2235664426722686,-2.32130829624235,2.3046990966686227,0.04240981120325948
"YaRN, scale=32",24,32,0.033491890836289284,0.03349189078105415,0.3331239145746572,1.6580957863655125e-10
"YaRN, scale=32",31,32,-0.06728229156499083,-0.06728229156496586,0.09231218826770227,2.704533467843572e-13
"YaRN, scale=32",0,37,0.13753926814129946,312.70554763914686,0.9526294617807264,328.1107932421089
"YaRN, scale=32",4,37,-0.3464941326039521,163.90237517757984,3.344129013221543,49.11558993709597
"YaRN, scale=32",12,37,-2.2770184919245358,-2.4235364997464375,2.3046990966686227,0.06357359537027014
"YaRN, scale=32",24,37,0.03344010354945446,0.03344010346407127,0.3331239145746572,2.563105886314306e-10
"YaRN, scale=32",31,37,-0.0672809746331325,-0.06728097463309388,0.09231218826770227,4.183833597003147e-13
"YaRN, scale=32",0,43,0.3954516663971796,428.17073473632576,0.9526294617807264,449.0468752350467
"YaRN, scale=32",4,43,-3.0391837957360197,226.50706346701958,3.344129013221543,68.64156447168742
"YaRN, scale=32",12,43,-2.3041432995356272,-2.5252263848821546,2.3046990966686227,0.09592709333118615
"YaRN, scale=32",24,43,0.03337795772770435,0.033377957593682804,0.3331239145746572,4.023173900123407e-10
"YaRN, scale=32",31,43,-0.06727939427634526,-0.06727939427628467,0.09231218826770227,6.563642646250715e-13
"YaRN, scale=32",0,50,-0.27126018206003644,585.6918016191327,0.9526294617807264,615.100713665995
"YaRN, scale=32",4,50,2.9385422877040064,312.0949341957178,3.344129013221543,92.44750746326551
"YaRN, scale=32",12,50,-2.284218139142847,-2.6149321557935785,2.3046990966686227,0.14349552925526185
"YaRN, scale=32",24,50,0.033305452786046685,0.033305452575338367,0.3331239145746572,6.325223426751376e-10
"YaRN, scale=32",31,50,-0.0672775504735992,-0.06727755047350391,0.09231218826770227,1.0323530474531302e-12
"YaRN, scale=32",0,58,-0.864006307450456,795.7972168734591,0.9526294617807264,836.2760707514698
"YaRN, scale=32",4,58,-1.4888036479881632,426.457864774914,3.344129013221543,127.96954505368045
"YaRN, scale=32",12,58,-2.1941457661449433,-2.6793003839821354,2.3046990966686227,0.21050670716114694
"YaRN, scale=32",24,58,0.03322258804429173,0.033222587715395865,0.3331239145746572,9.873078681638104e-10
"YaRN, scale=32",31,58,-0.06727544320036036,-0.06727544320021164,0.09231218826770227,1.610993921145732e-12
"YaRN, scale=32",0,67,0.9525819747341033,1070.5195160260384,0.9526294617807264,1122.7523155234637
"YaRN, scale=32",4,67,0.5520978194162469,576.2151436745957,3.344129013221543,172.1413987256569
"YaRN, scale=32",12,67,-2.0105578041716896,-2.7030700083065975,2.3046990966686227,0.3004783596850514
"YaRN, scale=32",24,67,0.03312936272811443,0.03312936222112147,0.3331239145746572,1.521935049748232e-09
"YaRN, scale=32",31,67,-0.06727307242859139,-0.06727307242836213,0.09231218826770227,2.483540460743514e-12
"YaRN, scale=32",0,78,0.013727469444700546,1461.4403361544953,0.9526294617807264,1534.097639549913
"YaRN, scale=32",4,78,-1.6113744335229288,789.5902233727616,3.344129013221543,236.5942207007885
"YaRN, scale=32",12,78,-1.6785662630281635,-2.662175241139199,2.3046990966686227,0.4267841209867212
"YaRN, scale=32",24,78,0.03301541711693244,0.033015416316978276,0.3331239145746572,2.401371172730505e-09
"YaRN, scale=32",31,78,-0.06727017469014271,-0.06727017468978098,0.09231218826770227,3.918491653104097e-12
"YaRN, scale=32",0,91,0.41267888650247697,2001.6491499573463,0.9526294617807264,2100.750135659128
"YaRN, scale=32",4,91,3.327866258691921,1084.7861471618787,3.344129013221543,323.390119408416
"YaRN, scale=32",12,91,-1.1597572029876864,-2.514648164341563,2.3046990966686227,0.5878819336162994
"YaRN, scale=32",24,91,0.03288074909325885,0.03288074782294824,0.3331239145746572,3.813327587908948e-09
"YaRN, scale=32",31,91,-0.06726674990791695,-0.06726674990734251,0.09231218826770227,6.22283234210389e-12
"YaRN, scale=32",0,105,0.9069669621940784,2678.1687051719014,0.9526294617807264,2810.3914959782564
"YaRN, scale=32",4,105,-1.2523888789109903,1454.8163464051584,3.344129013221543,435.4104550173859
"YaRN, scale=32",12,105,-0.4952125874907156,-2.2355919943800124,2.3046990966686227,0.7551438751393666
"YaRN, scale=32",24,105,0.03273571592266844,0.032735713971213914,0.3331239145746572,5.858043930097981e-09
"YaRN, scale=32",31,105,-0.06726306146012358,-0.0672630614592411,0.09231218826770227,9.559676413935792e-12
"YaRN, scale=32",0,122,0.03058694291964653,3631.7639494744526,0.9526294617807264,3812.3252620583585
"YaRN, scale=32",4,122,-3.214242926817504,1976.8130025273106,3.344129013221543,592.0905675663782
"YaRN, scale=32",12,122,0.3689671844433685,-1.7291843399326807,2.3046990966686227,0.9103798094111103
"YaRN, scale=32",24,122,0.032559595794496396,0.03255959273340825,0.3331239145746572,9.189037511008119e-09
"YaRN, scale=32",31,122,-0.0672585823228694,-0.06725858232148516,0.09231218826770227,1.4995202376323354e-11
"YaRN, scale=32",0,142,0.8817321160223628,4939.142296847923,0.9526294617807264,5183.820953317726
"YaRN, scale=32",4,142,-3.1733211006945394,2692.9740795245075,3.344129013221543,806.2330699457917
"YaRN, scale=32",12,142,1.310295446075748,-0.8981359362242376,2.3046990966686227,0.9582298120788315
"YaRN, scale=32",24,142,0.03235238388275185,0.03235237905585308,0.3331239145746572,1.4489799616220107e-08
"YaRN, scale=32",31,142,-0.06725331231746602,-0.06725331231528324,0.09231218826770227,2.3645650418190332e-11
"YaRN, scale=32",0,165,-0.7749853653414848,6690.547763742812,0.9526294617807264,7024.056065401554
"YaRN, scale=32",4,165,-0.8589073738592101,3652.944240921657,3.344129013221543,1092.6023289916552
"YaRN, scale=32",12,165,2.069663517444749,0.37201117530452876,2.3046990966686227,0.7366047674481202
"YaRN, scale=32",24,165,0.03211407456595485,0.0321140669930447,0.3331239145746572,2.2733012617173897e-08
"YaRN, scale=32",31,165,-0.06724725123371711,-0.06724725123029253,0.09231218826770227,3.709781046466675e-11
"YaRN, scale=32",0,192,0.7562222513820742,9084.960547439223,0.9526294617807264,9535.92628575378
"YaRN, scale=32",4,192,3.047435015090744,4966.033222954109,3.344129013221543,1484.0892107677619
"YaRN, scale=32",12,192,2.28092390705155,2.2922707812614274,2.3046990966686227,0.004923364714410709
"YaRN, scale=32",24,192,0.031834298990746836,0.031834287058456784,0.3331239145746572,3.5819373901940926e-08
"YaRN, scale=32",31,192,-0.0672401352601747,-0.06724013525477869,0.09231218826770227,5.845385306099729e-11
"YaRN, scale=32",0,223,0.45767476375945637,12284.819877548058,0.9526294617807264,12895.215501532519
"YaRN, scale=32",4,223,-2.3233930881852465,6721.6014199667,3.344129013221543,2010.6654936064888
"YaRN, scale=32",12,223,1.5522171630557198,5.068667207053046,2.3046990966686227,1.5257740366535177
"YaRN, scale=32",24,223,0.031513047246030476,0.03151302855018263,0.3331239145746572,5.6122803050154885e-08
"YaRN, scale=32",31,223,-0.06723196401857931,-0.06723196401012461,0.09231218826770227,9.158807125886605e-11
"YaRN, scale=32",0,259,-0.8871830070889599,16605.420461441172,0.9526294617807264,17432.07439059157
"YaRN, scale=32",4,259,-3.1062292378052314,9092.945023404658,3.344129013221543,2720.0060813075884
"YaRN, scale=32",12,259,-0.13854018798447743,9.059737830319063,2.3046990966686227,3.991097159536097
"YaRN, scale=32",24,259,0.031139943610125946,0.031139914318602222,0.3331239145746572,8.792981362873506e-08
"YaRN, scale=32",31,259,-0.06722247342673386,-0.06722247341348742,0.09231218826770227,1.434961715837112e-10
"YaRN, scale=32",0,301,0.036826928818278204,22467.341692349346,0.9526294617807264,23584.516086033465
"YaRN, scale=32",4,301,-3.157433234030818,12311.278998825612,3.344129013221543,3682.4047108735604
"YaRN, scale=32",12,301,-1.929832955146507,14.757554313684906,2.3046990966686227,7.240592619203661
"YaRN, scale=32",24,301,0.030704606256322965,0.030704560277674563,0.3331239145746572,1.3802265880871796e-07
"YaRN, scale=32",31,301,-0.06721139915741739,-0.06721139913662424,0.09231218826770227,2.2524809966669792e-10
"YaRN, scale=32",0,350,0.9189636117762766,30424.02220994436,0.9526294617807264,31935.925212129703
"YaRN, scale=32",4,350,3.31889657288204,16680.906288643295,3.344129013221543,4987.124398050418
"YaRN, scale=32",12,350,-2.0122490534492563,22.822695869877073,2.3046990966686227,10.77578628776909
"YaRN, scale=32",24,350,0.03019664587807438,0.03019657358825593,0.3331239145746572,2.1700579060149322e-07
"YaRN, scale=32",31,350,-0.06719847657431334,-0.06719847654162084,0.09231218826770227,3.5415151668361425e-10
"YaRN, scale=32",0,406,0.914995607469147,40991.3569749349,0.9526294617807264,43028.736380525115
"YaRN, scale=32",4,406,1.7562407070982022,22485.628886008442,3.344129013221543,6723.386734303932
"YaRN, scale=32",12,406,0.4159621634522572,33.90948049532572,2.3046990966686227,14.532707710205145
"YaRN, scale=32",24,406,0.02961603310357558,0.029615920261883387,0.3331239145746572,3.387378907797974e-07
"YaRN, scale=32",31,406,-0.06718370447705012,-0.06718370442601733,0.09231218826770227,5.528282891217992e-10
"YaRN, scale=32",0,472,-0.9217121387504692,55464.17363971181,0.9526294617807264,58223.157667318854
"YaRN, scale=32",4,472,1.7967077503564406,30437.294730886384,3.344129013221543,9101.173400546262
"YaRN, scale=32",12,472,2.2981042115761987,49.536091096045524,2.3046990966686227,20.49637931161165
"YaRN, scale=32",24,472,0.02893162317281402,0.028931445860415857,0.3331239145746572,5.322715974602712e-07
"YaRN, scale=32",31,472,-0.06716628980815106,-0.06716628972795946,0.09231218826770227,8.687000585912088e-10
"YaRN, scale=32",0,549,-0.21206170923460416,75109.33992955275,0.9526294617807264,78844.4563228002
"YaRN, scale=32",4,549,3.263239548828111,41232.6754112239,3.344129013221543,12328.894013555022
"YaRN, scale=32",12,549,-0.48950026630908683,71.26796063492833,2.3046990966686227,31.135283996479046
"YaRN, scale=32",24,549,0.028132989574916403,0.028132710542199665,0.3331239145746572,8.376243929930505e-07
"YaRN, scale=32",31,549,-0.06714596627285532,-0.06714596614665602,0.09231218826770227,1.3670925083259993e-09
"YaRN, scale=32",0,638,0.6905801453994501,101519.6047402511,0.9526294617807264,106567.05280795366
"YaRN, scale=32",4,638,-3.3304948225512154,55747.81491102991,3.344129013221543,16671.350054203893
"YaRN, scale=32",12,638,-1.8774341447541454,101.08384248077412,2.3046990966686227,44.67449862513992
"YaRN, scale=32",24,638,0.027209690949906468,0.02720925299570657,0.3331239145746572,1.3146885610313944e-06
"YaRN, scale=32",31,638,-0.06712246681982635,-0.06712246662174447,0.09231218826770227,2.1457825661314914e-09
"YaRN, scale=32",0,741,-0.13138631353933283,137041.69786605088,0.9526294617807264,143856.3835681207
"YaRN, scale=32",4,741,-1.0675948089523013,75273.38163122689,3.344129013221543,22509.43337664423
"YaRN, scale=32",12,741,2.2404972392988003,141.87742023413008,2.3046990966686227,60.587919349910756
"YaRN, scale=32",24,741,0.0261408920631001,0.02614020585803414,0.3331239145746572,2.059909348851733e-06
"YaRN, scale=32",31,741,-0.0670952592978946,-0.0670952589875195,0.09231218826770227,3.3622331616401195e-09
"YaRN, scale=32",0,861,-0.6547937430567168,185134.7992872141,0.9526294617807264,194341.516306554
"YaRN, scale=32",4,861,-0.25628359000313283,101711.86802531926,3.344129013221543,30415.131685034838
"YaRN, scale=32",12,861,-1.7409105818928934,197.91196017378917,2.3046990966686227,86.62860633051316
"YaRN, scale=32",24,861,0.024895348677784285,0.024894272098043728,0.3331239145746572,3.2317696011953473e-06
"YaRN, scale=32",31,861,-0.0670635456243714,-0.06706354513740453,0.09231218826770227,5.275217484701798e-09
"YaRN, scale=32",0,1001,-0.5487166222260187,250368.09038634374,0.9526294617807264,262818.49254871387
"YaRN, scale=32",4,1001,0.7065268724482969,137576.39590816776,3.344129013221543,41139.46825535945
"YaRN, scale=32",12,1001,1.688492388019853,274.8585614688229,2.3046990966686227,118.52743357063146
"YaRN, scale=32",24,1001,0.02344177348298441,0.023440081554900932,0.3331239145746572,5.07897514842626e-06
"YaRN, scale=32",31,1001,-0.06702652514295512,-0.0670265243776062,0.09231218826770227,8.290876183094256e-09
"YaRN, scale=32",0,1163,-0.8752441908865642,338116.48906524514,0.9526294617807264,354930.6187497569
"YaRN, scale=32",4,1163,3.0872591750949168,185823.4879456418,3.344129013221543,55566.157870028575
"YaRN, scale=32",12,1163,-2.2055855237727826,379.45160810698746,2.3046990966686227,165.5995761799314
"YaRN, scale=32",24,1163,0.02175922115638007,0.02175656736102291,0.3331239145746572,7.966391006604412e-06
"YaRN, scale=32",31,1163,-0.06698365868478186,-0.06698365748424856,0.09231218826770227,1.3005143960831017e-08
"YaRN, scale=32",0,1351,-0.5911108751194616,456442.5648598916,0.9526294617807264,479140.2893597998
"YaRN, scale=32",4,1351,-2.694358658869546,250887.8817111829,3.344129013221543,75024.1916737755
"YaRN, scale=32",12,1351,1.706506714537722,521.7515644089208,2.3046990966686227,225.64553370366997
"YaRN, scale=32",24,1351,0.019805933361780752,0.019801772825132548,0.3331239145746572,1.2489456524021797e-05
"YaRN, scale=32",31,1351,-0.06693387415543291,-0.0669338722731219,0.09231218826770227,2.039070936149729e-08
"YaRN, scale=32",0,1570,0.2283850902775592,616623.5217199239,0.9526294617807264,647285.5586279558
"YaRN, scale=32",4,1570,-2.9425688858858288,338972.58368725854,3.344129013221543,101364.36869386607
"YaRN, scale=32",12,1570,1.78475340971029,715.8547119303889,2.3046990966686227,309.8321857081198
"YaRN, scale=32",24,1570,0.017529703560724388,0.017523173090510415,0.3331239145746572,1.9603726806259903e-05
"YaRN, scale=32",31,1570,-0.06687582867413468,-0.06687582571932585,0.09231218826770227,3.200886994000952e-08
"YaRN, scale=32",0,1825,0.27139781698715265,833435.0232993811,0.9526294617807264,874878.2032656964
"YaRN, scale=32",4,1825,-0.10822036795636292,458205.1584789853,3.344129013221543,137017.81985313044
"YaRN, scale=32",12,1825,0.5986160628336943,980.2944857539704,2.3046990966686227,425.0862384190779
"YaRN, scale=32",24,1825,0.014878271787322178,0.014868012813076162,0.3331239145746572,3.079627068829469e-05
"YaRN, scale=32",31,1825,-0.0668081712860564,-0.06680816664366947,0.09231218826770227,5.029007566903068e-08
"YaRN, scale=32",0,2120,-0.019826837795985708,1124928.6490440122,0.9526294617807264,1180866.9729433605
"YaRN, scale=32",4,2120,2.6771609871031417,618515.4563046399,3.344129013221543,184954.8198344262
"YaRN, scale=32",12,2120,1.1603422813271618,1337.8005744577122,2.3046990966686227,579.9630130058544
"YaRN, scale=32",24,2120,0.011809761429447091,0.01179367720035195,0.3331239145746572,4.828302139649824e-05
"YaRN, scale=32",31,2120,-0.06672980685883093,-0.06672979957932862,0.09231218826770227,7.885743413764282e-08
"YaRN, scale=32",0,2464,-0.9523267631215866,1519942.8565264943,0.9526294617807264,1595524.6712719435
"YaRN, scale=32",4,2464,-2.883956475596287,835766.5978598137,3.344129013221543,249921.42304070582
"YaRN, scale=32",12,2464,2.1953264914007757,1824.5770599339237,2.3046990966686227,790.7243666107794
"YaRN, scale=32",24,2464,0.008230316983521824,0.008205058907044045,0.3331239145746572,7.582186499565383e-05
"YaRN, scale=32",31,2464,-0.06663829861098725,-0.06663828717744143,0.09231218826770227,1.2385738040539534e-07
"YaRN, scale=32",0,2863,0.9526028345187558,2052428.6008350973,0.9526294617807264,2154486.8498960305
"YaRN, scale=32",4,2863,-3.3434837918812517,1128634.6270104023,3.344129013221543,337498.3339553013
"YaRN, scale=32",12,2863,-2.2278522391479996,2483.4363562266035,2.3046990966686227,1078.5200601925128
"YaRN, scale=32",24,2863,0.004077413897661475,0.004037782895235632,0.3331239145746572,0.00011896774951244694
"YaRN, scale=32",31,2863,-0.0665319881604309,-0.0665319702166592,0.09231218826770227,1.9438139254568037e-07
"YaRN, scale=32",0,3327,0.5438601750318826,2772039.5652978937,0.9526294617807264,2909881.6829085946
"YaRN, scale=32",4,3327,1.9592997688617717,1524433.2975704982,3.344129013221543,455853.0284696533
"YaRN, scale=32",12,3327,1.8816778503241665,3376.941479647518,2.3046990966686227,1464.4253589001196
"YaRN, scale=32",24,3327,-0.000752780405869298,-0.0008149859172183541,0.3331239145746572,0.0001867338507602951
"YaRN, scale=32",31,3327,-0.06640812765635151,-0.06640809948356556,0.09231218826770227,3.051903164655484e-07
"YaRN, scale=32",0,3866,-0.6467864573035935,3743487.650099017,0.9526294617807264,3929637.3323200988
"YaRN, scale=32",4,3866,3.3094915550068946,2058760.1270706973,3.344129013221543,615633.1916139915
"YaRN, scale=32",12,3866,2.3044971903167335,4586.7540286491385,2.3046990966686227,1989.1748723655617
"YaRN, scale=32",24,3866,-0.006363449915495749,-0.006461074685819905,0.3331239145746572,0.00029305842676744903
"YaRN, scale=32",31,3866,-0.06626393489641948,-0.06626389066670532,0.09231218826770227,4.791318999646213e-07
"YaRN, scale=32",0,4493,-0.8387073008845306,5056805.548387994,0.9526294617807264,5308261.595896294
"YaRN, scale=32",4,4493,-3.2703690412254103,2781141.5452340096,3.344129013221543,831649.9766027337
"YaRN, scale=32",12,4493,0.4726887068277603,6226.526308423691,2.3046990966686227,2701.460519819592
"YaRN, scale=32",24,4493,-0.012887766597013899,-0.013041047895486012,0.3331239145746572,0.0004601329768454702
"YaRN, scale=32",31,4493,-0.06609577986877471,-0.06609571039249544,0.09231218826770227,7.526230346648215e-07
"YaRN, scale=32",0,5221,-0.2146141575711366,6828957.274601417,0.9526294617807264,7168534.842963188
"YaRN, scale=32",4,5221,1.552629014340845,3755919.328397708,3.344129013221543,1123137.8218118844
"YaRN, scale=32",12,5221,0.5583752722040507,8444.068058385217,2.3046990966686227,3663.6061060266843
"YaRN, scale=32",24,5221,-0.020456673798147106,-0.02069724433459682,0.3331239145746572,0.0007221653142379741
"YaRN, scale=32",31,5221,-0.06589997161767695,-0.06589986251520871,0.09231218826770227,1.1818858407168026e-06
"YaRN, scale=32",0,6067,0.8651181608101118,9222156.966468511,0.9526294617807264,9680737.864333866
"YaRN, scale=32",4,6067,0.03507028606115625,5072327.453096378,3.344129013221543,1516785.8052037843
"YaRN, scale=32",12,6067,0.3981167709424739,11444.415063480448,2.3046990966686227,4965.514571184821
"YaRN, scale=32",24,6067,-0.029238843458363875,-0.02961640949277057,0.3331239145746572,0.0011334101752726161
"YaRN, scale=32",31,6067,-0.06567166338236546,-0.06567149202730105,0.09231218826770227,1.8562561199046425e-06
"YaRN, scale=32",0,7050,-0.6967139671125746,12453603.322241383,0.9526294617807264,13072873.051462283
"YaRN, scale=32",4,7050,0.5172297354670177,6849847.469088548,3.344129013221543,2048320.1828562266
"YaRN, scale=32",12,7050,-0.004322161631296284,15502.258211851617,2.3046990966686227,6726.371592896705
"YaRN, scale=32",24,7050,-0.039417102559017675,-0.040009624135756504,0.3331239145746572,0.0017786821984653969
"YaRN, scale=32",31,7050,-0.0654053582242691,-0.0654050890660543,0.09231218826770227,2.9157386456498354e-06
"YaRN, scale=32",0,8192,0.6277292113096282,16816067.712342344,0.9526294617807264,17652264.347526718
"YaRN, scale=32",4,8192,-1.0084854185431773,9249534.193405315,3.344129013221543,2765902.6207776275
"YaRN, scale=32",12,8192,-0.49807231809646924,20988.014376726864,2.3046990966686227,9106.83415434759
"YaRN, scale=32",24,8192,-0.05119434097115553,-0.052124017079435196,0.3331239145746572,0.002790781650917844
"YaRN, scale=32",31,8192,-0.06509460039219853,-0.06509417757838457,0.09231218826770227,4.580259897315631e-06
