feature_index,coefficient,delta,contribution,total_score,additivity_residual
0,1.5123340059661023,1,-9.68523354516165,-45.56275092315398,4.973799150320701e-14
1,0.18802071843314141,1,-1.648086892602608,-45.56275092315398,4.973799150320701e-14
2,1.3417439760040644,1,14.921359408136407,-45.56275092315398,4.973799150320701e-14
3,0.8904596787867857,1,-13.282385468154217,-45.56275092315398,4.973799150320701e-14
4,0.7849875893652443,1,14.678255814172676,-45.56275092315398,4.973799150320701e-14
5,1.1585936739306364,1,-27.332345726981735,-45.56275092315398,4.973799150320701e-14
6,1.252849751325983,1,-7.704647500986509,-45.56275092315398,4.973799150320701e-14
7,1.268803203921439,1,-15.5096670115763,-45.56275092315398,4.973799150320701e-14
0,1.5123340059661023,2,-15.707095700001913,-53.70936852644702,7.105427357601002e-15
1,0.18802071843314141,2,-0.8954808560112911,-53.70936852644702,7.105427357601002e-15
2,1.3417439760040644,2,3.797188761654608,-53.70936852644702,7.105427357601002e-15
3,0.8904596787867857,2,-4.145398840776199,-53.70936852644702,7.105427357601002e-15
4,0.7849875893652443,2,17.91216604341081,-53.70936852644702,7.105427357601002e-15
5,1.1585936739306364,2,-22.26933338252414,-53.70936852644702,7.105427357601002e-15
6,1.252849751325983,2,-6.729016083184483,-53.70936852644702,7.105427357601002e-15
7,1.268803203921439,2,-25.6723984690144,-53.70936852644702,7.105427357601002e-15
0,1.5123340059661023,3,-9.620393422658276,-54.05114145224459,0.0
1,0.18802071843314141,3,0.5833496601790167,-54.05114145224459,0.0
2,1.3417439760040644,3,-14.237055402690512,-54.05114145224459,0.0
3,0.8904596787867857,3,0.24096230874913438,-54.05114145224459,0.0
4,0.7849875893652443,3,15.840309842801181,-54.05114145224459,0.0
5,1.1585936739306364,3,-18.06896078278287,-54.05114145224459,0.0
6,1.252849751325983,3,-5.91150776133456,-54.05114145224459,0.0
7,1.268803203921439,3,-22.8778458945077,-54.05114145224459,0.0
0,1.5123340059661023,4,6.227124829480534,-45.22127299058672,3.552713678800501e-14
1,0.18802071843314141,4,1.1625214721021317,-45.22127299058672,3.552713678800501e-14
2,1.3417439760040644,4,-22.51076314497064,-45.22127299058672,3.552713678800501e-14
3,0.8904596787867857,4,-4.378340093234644,-45.22127299058672,3.552713678800501e-14
4,0.7849875893652443,4,8.087335502719078,-45.22127299058672,3.552713678800501e-14
5,1.1585936739306364,4,-16.14107741314062,-45.22127299058672,3.552713678800501e-14
6,1.252849751325983,4,-4.833099172581122,-45.22127299058672,3.552713678800501e-14
7,1.268803203921439,4,-12.834974970961404,-45.22127299058672,3.552713678800501e-14
0,1.5123340059661023,5,20.440667577155335,-33.92658194594385,0.0
1,0.18802071843314141,5,-0.13419313863390747,-33.92658194594385,0.0
2,1.3417439760040644,5,-12.869299580292973,-33.92658194594385,0.0
3,0.8904596787867857,5,-13.4144402607685,-33.92658194594385,0.0
4,0.7849875893652443,5,-0.17078338570099305,-33.92658194594385,0.0
5,1.1585936739306364,5,-16.838089403216742,-33.92658194594385,0.0
6,1.252849751325983,5,-3.0034379502223345,-33.92658194594385,0.0
7,1.268803203921439,5,-7.9370058042637375,-33.92658194594385,0.0
0,1.5123340059661023,6,23.289722247053255,-29.502440885493474,3.552713678800501e-15
1,0.18802071843314141,6,-2.6801375665271583,-29.502440885493474,3.552713678800501e-15
2,1.3417439760040644,6,6.255876774636667,-29.502440885493474,3.552713678800501e-15
3,0.8904596787867857,6,-17.647333595746925,-29.502440885493474,3.552713678800501e-15
4,0.7849875893652443,6,-2.7831600101288068,-29.502440885493474,3.552713678800501e-15
5,1.1585936739306364,6,-20.056865629489742,-29.502440885493474,3.552713678800501e-15
6,1.252849751325983,6,-1.0141901201619739,-29.502440885493474,3.552713678800501e-15
7,1.268803203921439,6,-14.866352985128788,-29.502440885493474,3.552713678800501e-15
0,1.5123340059661023,7,15.866339961651246,-35.87268729083141,0.0
1,0.18802071843314141,7,-4.738546230421339,-35.87268729083141,0.0
2,1.3417439760040644,7,16.964608414606598,-35.87268729083141,0.0
3,0.8904596787867857,7,-12.03052752949072,-35.87268729083141,0.0
4,0.7849875893652443,7,1.9031008349219878,-35.87268729083141,0.0
5,1.1585936739306364,7,-25.60181614082327,-35.87268729083141,0.0
6,1.252849751325983,7,-0.3931485573048743,-35.87268729083141,0.0
7,1.268803203921439,7,-27.842698043971033,-35.87268729083141,0.0
0,1.5123340059661023,8,9.019528455778705,-48.06774894114908,2.1316282072803006e-14
1,0.18802071843314141,8,-4.973023865016579,-48.06774894114908,2.1316282072803006e-14
2,1.3417439760040644,8,8.060980002045143,-48.06774894114908,2.1316282072803006e-14
3,0.8904596787867857,8,-0.7894241017405523,-48.06774894114908,2.1316282072803006e-14
4,0.7849875893652443,8,9.590392380170833,-48.06774894114908,2.1316282072803006e-14
5,1.1585936739306364,8,-32.86501181048384,-48.06774894114908,2.1316282072803006e-14
6,1.252849751325983,8,-2.1277480178983463,-48.06774894114908,2.1316282072803006e-14
7,1.268803203921439,8,-33.983441984004415,-48.06774894114908,2.1316282072803006e-14
0,1.5123340059661023,10,27.048967757818442,-54.716897614845664,1.4210854715202004e-14
1,0.18802071843314141,10,-2.211855816276624,-54.716897614845664,1.4210854715202004e-14
2,1.3417439760040644,10,-31.552183242946086,-54.716897614845664,1.4210854715202004e-14
3,0.8904596787867857,10,2.273107426435476,-54.716897614845664,1.4210854715202004e-14
4,0.7849875893652443,10,11.700153585232117,-54.716897614845664,1.4210854715202004e-14
5,1.1585936739306364,10,-45.85779539091853,-54.716897614845664,1.4210854715202004e-14
6,1.252849751325983,10,-7.309495458690213,-54.716897614845664,1.4210854715202004e-14
7,1.268803203921439,10,-8.807796475500226,-54.716897614845664,1.4210854715202004e-14
0,1.5123340059661023,11,39.804157539032055,-45.093598226472565,1.4210854715202004e-14
1,0.18802071843314141,11,-2.2304218243863154,-45.093598226472565,1.4210854715202004e-14
2,1.3417439760040644,11,-28.474055290140917,-45.093598226472565,1.4210854715202004e-14
3,0.8904596787867857,11,-9.150849850643601,-45.093598226472565,1.4210854715202004e-14
4,0.7849875893652443,11,5.928588845019231,-45.093598226472565,1.4210854715202004e-14
5,1.1585936739306364,11,-47.780234731920686,-45.093598226472565,1.4210854715202004e-14
6,1.252849751325983,11,-5.931472676087363,-45.093598226472565,1.4210854715202004e-14
7,1.268803203921439,11,2.7406897626550464,-45.093598226472565,1.4210854715202004e-14
0,1.5123340059661023,13,22.20537426801642,-32.456891180490146,0.0
1,0.18802071843314141,13,-5.2577742545697745,-32.456891180490146,0.0
2,1.3417439760040644,13,17.149008973064177,-32.456891180490146,0.0
3,0.8904596787867857,13,-14.680270484330013,-32.456891180490146,0.0
4,0.7849875893652443,13,3.564005015688184,-32.456891180490146,0.0
5,1.1585936739306364,13,-43.50424500433292,-32.456891180490146,0.0
6,1.252849751325983,13,3.7892025217588845,-32.456891180490146,0.0
7,1.268803203921439,13,-15.722192215785102,-32.456891180490146,0.0
0,1.5123340059661023,15,-11.252944974392715,-37.6734180905847,3.552713678800501e-14
1,0.18802071843314141,15,-3.6110199028697583,-37.6734180905847,3.552713678800501e-14
2,1.3417439760040644,15,16.613287355497427,-37.6734180905847,3.552713678800501e-14
3,0.8904596787867857,15,11.259691568050847,-37.6734180905847,3.552713678800501e-14
4,0.7849875893652443,15,10.41007028573588,-37.6734180905847,3.552713678800501e-14
5,1.1585936739306364,15,-43.08915258467064,-37.6734180905847,3.552713678800501e-14
6,1.252849751325983,15,4.051007501343736,-37.6734180905847,3.552713678800501e-14
7,1.268803203921439,15,-22.054357339279434,-37.6734180905847,3.552713678800501e-14
0,1.5123340059661023,17,0.062301143490740785,-25.64001334688693,2.842170943040401e-14
1,0.18802071843314141,17,-0.10437030879683717,-25.64001334688693,2.842170943040401e-14
2,1.3417439760040644,17,-1.3326504381619078,-25.64001334688693,2.842170943040401e-14
3,0.8904596787867857,17,4.328767699588753,-25.64001334688693,2.842170943040401e-14
4,0.7849875893652443,17,2.107744657498209,-25.64001334688693,2.842170943040401e-14
5,1.1585936739306364,17,-45.02176962471536,-25.64001334688693,2.842170943040401e-14
6,1.252849751325983,17,-2.1712588558959265,-25.64001334688693,2.842170943040401e-14
7,1.268803203921439,17,16.491222380105423,-25.64001334688693,2.842170943040401e-14
0,1.5123340059661023,20,-32.286809324958675,-26.45011268855903,1.4210854715202004e-14
1,0.18802071843314141,20,-1.7711846990483733,-26.45011268855903,1.4210854715202004e-14
2,1.3417439760040644,20,31.00956934289222,-26.45011268855903,1.4210854715202004e-14
3,0.8904596787867857,20,-7.28375480211446,-26.45011268855903,1.4210854715202004e-14
4,0.7849875893652443,20,9.096851530445061,-26.45011268855903,1.4210854715202004e-14
5,1.1585936739306364,20,-24.663637798649866,-26.45011268855903,1.4210854715202004e-14
6,1.252849751325983,20,12.134067436935494,-26.45011268855903,1.4210854715202004e-14
7,1.268803203921439,20,-12.685214374060415,-26.45011268855903,1.4210854715202004e-14
0,1.5123340059661023,23,-28.00825054107143,-29.58986824631748,1.0658141036401503e-14
1,0.18802071843314141,23,1.881579601447192,-29.58986824631748,1.0658141036401503e-14
2,1.3417439760040644,23,-13.139125473245052,-29.58986824631748,1.0658141036401503e-14
3,0.8904596787867857,23,3.647815487710389,-29.58986824631748,1.0658141036401503e-14
4,0.7849875893652443,23,10.344919386892652,-29.58986824631748,1.0658141036401503e-14
5,1.1585936739306364,23,-21.317799552678153,-29.58986824631748,1.0658141036401503e-14
6,1.252849751325983,23,12.438377204696062,-29.58986824631748,1.0658141036401503e-14
7,1.268803203921439,23,4.562615639930872,-29.58986824631748,1.0658141036401503e-14
0,1.5123340059661023,27,-14.44706239173625,-38.43742780904617,1.4210854715202004e-14
1,0.18802071843314141,27,-2.4726172377464137,-38.43742780904617,1.4210854715202004e-14
2,1.3417439760040644,27,-8.36340702505646,-38.43742780904617,1.4210854715202004e-14
3,0.8904596787867857,27,-1.2855870239595815,-38.43742780904617,1.4210854715202004e-14
4,0.7849875893652443,27,19.935668346723904,-38.43742780904617,1.4210854715202004e-14
5,1.1585936739306364,27,-17.861769171688938,-38.43742780904617,1.4210854715202004e-14
6,1.252849751325983,27,10.031035648889095,-38.43742780904617,1.4210854715202004e-14
7,1.268803203921439,27,-23.97368895447151,-38.43742780904617,1.4210854715202004e-14
0,1.5123340059661023,32,19.89826334864151,-13.525032722051339,3.197442310920451e-14
1,0.18802071843314141,32,-6.043582037102156,-13.525032722051339,3.197442310920451e-14
2,1.3417439760040644,32,9.967100800931464,-13.525032722051339,3.197442310920451e-14
3,0.8904596787867857,32,-7.266285500547879,-13.525032722051339,3.197442310920451e-14
4,0.7849875893652443,32,-2.143601445844109,-13.525032722051339,3.197442310920451e-14
5,1.1585936739306364,32,-11.668444624447385,-13.525032722051339,3.197442310920451e-14
6,1.252849751325983,32,10.042164575631682,-13.525032722051339,3.197442310920451e-14
7,1.268803203921439,32,-26.310647839314438,-13.525032722051339,3.197442310920451e-14
0,1.5123340059661023,37,12.551444617792033,-38.28809144313958,4.263256414560601e-14
1,0.18802071843314141,37,-4.04931414806636,-38.28809144313958,4.263256414560601e-14
2,1.3417439760040644,37,-9.626801638121481,-38.28809144313958,4.263256414560601e-14
3,0.8904596787867857,37,-21.348561678185874,-38.28809144313958,4.263256414560601e-14
4,0.7849875893652443,37,0.2014184127446086,-38.28809144313958,4.263256414560601e-14
5,1.1585936739306364,37,-24.85419350923271,-38.28809144313958,4.263256414560601e-14
6,1.252849751325983,37,11.523274412121928,-38.28809144313958,4.263256414560601e-14
7,1.268803203921439,37,-2.6853579121916837,-38.28809144313958,4.263256414560601e-14
0,1.5123340059661023,43,-5.346805682557301,-77.68536482511055,0.0
1,0.18802071843314141,43,-2.1619724528154274,-77.68536482511055,0.0
2,1.3417439760040644,43,-13.335425750759875,-77.68536482511055,0.0
3,0.8904596787867857,43,-20.982675944047756,-77.68536482511055,0.0
4,0.7849875893652443,43,9.78150909822945,-77.68536482511055,0.0
5,1.1585936739306364,43,-36.151689064513384,-77.68536482511055,0.0
6,1.252849751325983,43,-1.4648365523053286,-77.68536482511055,0.0
7,1.268803203921439,43,-8.023468476340923,-77.68536482511055,0.0
0,1.5123340059661023,50,16.27624917812171,-19.48291310939878,1.4210854715202004e-14
1,0.18802071843314141,50,-4.175144011163477,-19.48291310939878,1.4210854715202004e-14
2,1.3417439760040644,50,9.049768568072274,-19.48291310939878,1.4210854715202004e-14
3,0.8904596787867857,50,-22.163358685476396,-19.48291310939878,1.4210854715202004e-14
4,0.7849875893652443,50,12.203793283852592,-19.48291310939878,1.4210854715202004e-14
5,1.1585936739306364,50,-12.100943430594457,-19.48291310939878,1.4210854715202004e-14
6,1.252849751325983,50,8.573758254735498,-19.48291310939878,1.4210854715202004e-14
7,1.268803203921439,50,-27.147036266946508,-19.48291310939878,1.4210854715202004e-14
0,1.5123340059661023,58,-10.196250417168097,-42.61495791107893,2.842170943040401e-14
1,0.18802071843314141,58,-3.2597923324006377,-42.61495791107893,2.842170943040401e-14
2,1.3417439760040644,58,28.185528466690798,-42.61495791107893,2.842170943040401e-14
3,0.8904596787867857,58,3.04754847009764,-42.61495791107893,2.842170943040401e-14
4,0.7849875893652443,58,15.026232471596249,-42.61495791107893,2.842170943040401e-14
5,1.1585936739306364,58,-40.542579854636074,-42.61495791107893,2.842170943040401e-14
6,1.252849751325983,58,1.987342449911159,-42.61495791107893,2.842170943040401e-14
7,1.268803203921439,58,-36.86298716516994,-42.61495791107893,2.842170943040401e-14
0,1.5123340059661023,67,10.93213715944286,-27.035528302582374,1.7763568394002505e-14
1,0.18802071843314141,67,-1.471425188410098,-27.035528302582374,1.7763568394002505e-14
2,1.3417439760040644,67,-10.179908185275469,-27.035528302582374,1.7763568394002505e-14
3,0.8904596787867857,67,5.00791947416367,-27.035528302582374,1.7763568394002505e-14
4,0.7849875893652443,67,7.449856451856365,-27.035528302582374,1.7763568394002505e-14
5,1.1585936739306364,67,-24.86925585885247,-27.035528302582374,1.7763568394002505e-14
6,1.252849751325983,67,-1.5500407805152534,-27.035528302582374,1.7763568394002505e-14
7,1.268803203921439,67,-12.354811374991963,-27.035528302582374,1.7763568394002505e-14
0,1.5123340059661023,78,-27.89311348546037,-44.735608364214215,2.842170943040401e-14
1,0.18802071843314141,78,-0.7081058170698866,-44.735608364214215,2.842170943040401e-14
2,1.3417439760040644,78,1.7153579656940563,-44.735608364214215,2.842170943040401e-14
3,0.8904596787867857,78,6.416660642636712,-44.735608364214215,2.842170943040401e-14
4,0.7849875893652443,78,16.774637048561083,-44.735608364214215,2.842170943040401e-14
5,1.1585936739306364,78,-24.984189562724488,-44.735608364214215,2.842170943040401e-14
6,1.252849751325983,78,6.1255206791012835,-44.735608364214215,2.842170943040401e-14
7,1.268803203921439,78,-22.18237583495258,-44.735608364214215,2.842170943040401e-14
0,1.5123340059661023,91,7.753397614106407,-79.72017735000921,1.4210854715202004e-14
1,0.18802071843314141,91,-6.705554861236015,-79.72017735000921,1.4210854715202004e-14
2,1.3417439760040644,91,-5.427723417570766,-79.72017735000921,1.4210854715202004e-14
3,0.8904596787867857,91,3.549197971353756,-79.72017735000921,1.4210854715202004e-14
4,0.7849875893652443,91,4.608939093774592,-79.72017735000921,1.4210854715202004e-14
5,1.1585936739306364,91,-25.24366482858585,-79.72017735000921,1.4210854715202004e-14
6,1.252849751325983,91,4.603766084903981,-79.72017735000921,1.4210854715202004e-14
7,1.268803203921439,91,-62.858535006755325,-79.72017735000921,1.4210854715202004e-14
0,1.5123340059661023,105,-6.88746391328182,-93.63201557024922,2.842170943040401e-14
1,0.18802071843314141,105,-2.641961731671461,-93.63201557024922,2.842170943040401e-14
2,1.3417439760040644,105,-10.665413571860835,-93.63201557024922,2.842170943040401e-14
3,0.8904596787867857,105,-23.39743698872784,-93.63201557024922,2.842170943040401e-14
4,0.7849875893652443,105,3.045936358238274,-93.63201557024922,2.842170943040401e-14
5,1.1585936739306364,105,-10.64335947394392,-93.63201557024922,2.842170943040401e-14
6,1.252849751325983,105,7.709131525597079,-93.63201557024922,2.842170943040401e-14
7,1.268803203921439,105,-50.15144777459868,-93.63201557024922,2.842170943040401e-14
0,1.5123340059661023,122,-43.69509331342867,-60.140625147478296,3.552713678800501e-14
1,0.18802071843314141,122,-3.9165805316606903,-60.140625147478296,3.552713678800501e-14
2,1.3417439760040644,122,19.34952080557937,-60.140625147478296,3.552713678800501e-14
3,0.8904596787867857,122,-6.022813710236834,-60.140625147478296,3.552713678800501e-14
4,0.7849875893652443,122,12.97973416063674,-60.140625147478296,3.552713678800501e-14
5,1.1585936739306364,122,-16.338465935402063,-60.140625147478296,3.552713678800501e-14
6,1.252849751325983,122,17.45940665010824,-60.140625147478296,3.552713678800501e-14
7,1.268803203921439,122,-39.95633327307435,-60.140625147478296,3.552713678800501e-14
0,1.5123340059661023,142,-17.986693213403328,-100.49044357402198,1.4210854715202004e-14
1,0.18802071843314141,142,-4.362588250073918,-100.49044357402198,1.4210854715202004e-14
2,1.3417439760040644,142,-3.5256606317126318,-100.49044357402198,1.4210854715202004e-14
3,0.8904596787867857,142,-8.599289496163552,-100.49044357402198,1.4210854715202004e-14
4,0.7849875893652443,142,0.5176851603117028,-100.49044357402198,1.4210854715202004e-14
5,1.1585936739306364,142,-39.82432916071031,-100.49044357402198,1.4210854715202004e-14
6,1.252849751325983,142,21.785954232382885,-100.49044357402198,1.4210854715202004e-14
7,1.268803203921439,142,-48.49552221465284,-100.49044357402198,1.4210854715202004e-14
0,1.5123340059661023,165,-33.43486132606687,-70.46015666487168,1.4210854715202004e-14
1,0.18802071843314141,165,-6.645916324331463,-70.46015666487168,1.4210854715202004e-14
2,1.3417439760040644,165,24.29078263438272,-70.46015666487168,1.4210854715202004e-14
3,0.8904596787867857,165,-13.700253684382513,-70.46015666487168,1.4210854715202004e-14
4,0.7849875893652443,165,0.53879998426744,-70.46015666487168,1.4210854715202004e-14
5,1.1585936739306364,165,-12.703857992918637,-70.46015666487168,1.4210854715202004e-14
6,1.252849751325983,165,38.98684060088283,-70.46015666487168,1.4210854715202004e-14
7,1.268803203921439,165,-67.79169055670516,-70.46015666487168,1.4210854715202004e-14
0,1.5123340059661023,192,-9.527594932969539,-91.10520717638155,1.4210854715202004e-14
1,0.18802071843314141,192,-3.8844753597609047,-91.10520717638155,1.4210854715202004e-14
2,1.3417439760040644,192,-11.177770888653324,-91.10520717638155,1.4210854715202004e-14
3,0.8904596787867857,192,-4.754404286855836,-91.10520717638155,1.4210854715202004e-14
4,0.7849875893652443,192,10.26626745121432,-91.10520717638155,1.4210854715202004e-14
5,1.1585936739306364,192,-49.77689854433437,-91.10520717638155,1.4210854715202004e-14
6,1.252849751325983,192,21.303050449104028,-91.10520717638155,1.4210854715202004e-14
7,1.268803203921439,192,-43.55338106412591,-91.10520717638155,1.4210854715202004e-14
0,1.5123340059661023,223,-49.846017517181046,-124.45617200527592,1.4210854715202004e-14
1,0.18802071843314141,223,-3.468058446450652,-124.45617200527592,1.4210854715202004e-14
2,1.3417439760040644,223,-15.917554596985324,-124.45617200527592,1.4210854715202004e-14
3,0.8904596787867857,223,-10.30502265442491,-124.45617200527592,1.4210854715202004e-14
4,0.7849875893652443,223,3.625716459873016,-124.45617200527592,1.4210854715202004e-14
5,1.1585936739306364,223,-29.421074115941448,-124.45617200527592,1.4210854715202004e-14
6,1.252849751325983,223,13.374211707101981,-124.45617200527592,1.4210854715202004e-14
7,1.268803203921439,223,-32.49837284126751,-124.45617200527592,1.4210854715202004e-14
0,1.5123340059661023,259,-55.701399649877565,-43.924034444358725,7.105427357601002e-15
1,0.18802071843314141,259,-2.917791971928729,-43.924034444358725,7.105427357601002e-15
2,1.3417439760040644,259,33.51487181493848,-43.924034444358725,7.105427357601002e-15
3,0.8904596787867857,259,-7.766589945464764,-43.924034444358725,7.105427357601002e-15
4,0.7849875893652443,259,11.874477299432378,-43.924034444358725,7.105427357601002e-15
5,1.1585936739306364,259,-32.39302324007846,-43.924034444358725,7.105427357601002e-15
6,1.252849751325983,259,2.081909991553168,-43.924034444358725,7.105427357601002e-15
7,1.268803203921439,259,7.383511257066777,-43.924034444358725,7.105427357601002e-15
0,1.5123340059661023,301,-5.178481602864729,-63.64035232886063,1.4210854715202004e-14
1,0.18802071843314141,301,-4.686896482117676,-63.64035232886063,1.4210854715202004e-14
2,1.3417439760040644,301,-2.170109454301111,-63.64035232886063,1.4210854715202004e-14
3,0.8904596787867857,301,-15.881791714806603,-63.64035232886063,1.4210854715202004e-14
4,0.7849875893652443,301,-10.337574606949792,-63.64035232886063,1.4210854715202004e-14
5,1.1585936739306364,301,-27.617116527142464,-63.64035232886063,1.4210854715202004e-14
6,1.252849751325983,301,-10.298388767662823,-63.64035232886063,1.4210854715202004e-14
7,1.268803203921439,301,12.530006826984584,-63.64035232886063,1.4210854715202004e-14
0,1.5123340059661023,350,8.145974315297082,-40.63123722779494,7.105427357601002e-15
1,0.18802071843314141,350,-6.790874514059164,-40.63123722779494,7.105427357601002e-15
2,1.3417439760040644,350,-30.749671614667474,-40.63123722779494,7.105427357601002e-15
3,0.8904596787867857,350,-12.704098359343485,-40.63123722779494,7.105427357601002e-15
4,0.7849875893652443,350,-3.81893919151989,-40.63123722779494,7.105427357601002e-15
5,1.1585936739306364,350,3.3310170483980546,-40.63123722779494,7.105427357601002e-15
6,1.252849751325983,350,13.551913084473481,-40.63123722779494,7.105427357601002e-15
7,1.268803203921439,350,-11.596557996373537,-40.63123722779494,7.105427357601002e-15
0,1.5123340059661023,406,17.340260450844223,-21.984080403461363,2.842170943040401e-14
1,0.18802071843314141,406,-5.369206503481688,-21.984080403461363,2.842170943040401e-14
2,1.3417439760040644,406,-27.44308991728731,-21.984080403461363,2.842170943040401e-14
3,0.8904596787867857,406,-17.60285861090044,-21.984080403461363,2.842170943040401e-14
4,0.7849875893652443,406,3.4355343829696157,-21.984080403461363,2.842170943040401e-14
5,1.1585936739306364,406,16.399706925983637,-21.984080403461363,2.842170943040401e-14
6,1.252849751325983,406,15.166446989788811,-21.984080403461363,2.842170943040401e-14
7,1.268803203921439,406,-23.91087412137818,-21.984080403461363,2.842170943040401e-14
0,1.5123340059661023,472,9.941876223311759,4.036668892742545,8.881784197001252e-15
1,0.18802071843314141,472,-7.678448782043543,4.036668892742545,8.881784197001252e-15
2,1.3417439760040644,472,23.608028844928143,4.036668892742545,8.881784197001252e-15
3,0.8904596787867857,472,-40.81952208367798,4.036668892742545,8.881784197001252e-15
4,0.7849875893652443,472,22.20759243760849,4.036668892742545,8.881784197001252e-15
5,1.1585936739306364,472,2.2939273018896653,4.036668892742545,8.881784197001252e-15
6,1.252849751325983,472,35.029769249459875,4.036668892742545,8.881784197001252e-15
7,1.268803203921439,472,-40.546554298733874,4.036668892742545,8.881784197001252e-15
0,1.5123340059661023,549,4.365482712428003,44.89540449180021,1.4210854715202004e-14
1,0.18802071843314141,549,-6.773944118454871,44.89540449180021,1.4210854715202004e-14
2,1.3417439760040644,549,5.746805021915437,44.89540449180021,1.4210854715202004e-14
3,0.8904596787867857,549,-14.946285246816993,44.89540449180021,1.4210854715202004e-14
4,0.7849875893652443,549,24.91041722151958,44.89540449180021,1.4210854715202004e-14
5,1.1585936739306364,549,26.944613337792646,44.89540449180021,1.4210854715202004e-14
6,1.252849751325983,549,12.330947295716703,44.89540449180021,1.4210854715202004e-14
7,1.268803203921439,549,-7.682631732300312,44.89540449180021,1.4210854715202004e-14
0,1.5123340059661023,638,11.515658464396388,25.379842647671214,1.7763568394002505e-14
1,0.18802071843314141,638,-1.8495552332880818,25.379842647671214,1.7763568394002505e-14
2,1.3417439760040644,638,-27.46617785820839,25.379842647671214,1.7763568394002505e-14
3,0.8904596787867857,638,1.9975779532465099,25.379842647671214,1.7763568394002505e-14
4,0.7849875893652443,638,14.431190246772445,25.379842647671214,1.7763568394002505e-14
5,1.1585936739306364,638,6.136554383306237,25.379842647671214,1.7763568394002505e-14
6,1.252849751325983,638,3.8144487408470513,25.379842647671214,1.7763568394002505e-14
7,1.268803203921439,638,16.80014595059904,25.379842647671214,1.7763568394002505e-14
0,1.5123340059661023,741,22.337884825577778,38.91989757881948,0.0
1,0.18802071843314141,741,-1.594952647004822,38.91989757881948,0.0
2,1.3417439760040644,741,-17.07667720550696,38.91989757881948,0.0
3,0.8904596787867857,741,-39.95349003743003,38.91989757881948,0.0
4,0.7849875893652443,741,16.321520426622076,38.91989757881948,0.0
5,1.1585936739306364,741,35.34717451818902,38.91989757881948,0.0
6,1.252849751325983,741,27.713261655545672,38.91989757881948,0.0
7,1.268803203921439,741,-4.17482395717326,38.91989757881948,0.0
0,1.5123340059661023,861,26.768150493001244,-8.140034186718964,1.7763568394002505e-14
1,0.18802071843314141,861,-5.052151748755277,-8.140034186718964,1.7763568394002505e-14
2,1.3417439760040644,861,0.9019878393540139,-8.140034186718964,1.7763568394002505e-14
3,0.8904596787867857,861,-28.464679624968454,-8.140034186718964,1.7763568394002505e-14
4,0.7849875893652443,861,2.898516495571855,-8.140034186718964,1.7763568394002505e-14
5,1.1585936739306364,861,4.748231379213738,-8.140034186718964,1.7763568394002505e-14
6,1.252849751325983,861,0.4325606004809366,-8.140034186718964,1.7763568394002505e-14
7,1.268803203921439,861,-10.372649620617036,-8.140034186718964,1.7763568394002505e-14
0,1.5123340059661023,1001,-3.6383353073465914,56.31110770950147,1.4210854715202004e-14
1,0.18802071843314141,1001,0.8425663079920858,56.31110770950147,1.4210854715202004e-14
2,1.3417439760040644,1001,3.452193346165597,56.31110770950147,1.4210854715202004e-14
3,0.8904596787867857,1001,-8.874052087181541,56.31110770950147,1.4210854715202004e-14
4,0.7849875893652443,1001,33.00563015877703,56.31110770950147,1.4210854715202004e-14
5,1.1585936739306364,1001,49.366777374026945,56.31110770950147,1.4210854715202004e-14
6,1.252849751325983,1001,2.2464296677025253,56.31110770950147,1.4210854715202004e-14
7,1.268803203921439,1001,-20.090101750634595,56.31110770950147,1.4210854715202004e-14
0,1.5123340059661023,1163,22.213891295301394,111.49247027068907,1.4210854715202004e-14
1,0.18802071843314141,1163,-3.2369949563161082,111.49247027068907,1.4210854715202004e-14
2,1.3417439760040644,1163,17.36619436684779,111.49247027068907,1.4210854715202004e-14
3,0.8904596787867857,1163,-4.422430188187599,111.49247027068907,1.4210854715202004e-14
4,0.7849875893652443,1163,26.74285890213165,111.49247027068907,1.4210854715202004e-14
5,1.1585936739306364,1163,53.19506178116375,111.49247027068907,1.4210854715202004e-14
6,1.252849751325983,1163,9.101694724300387,111.49247027068907,1.4210854715202004e-14
7,1.268803203921439,1163,-9.467805654552176,111.49247027068907,1.4210854715202004e-14
0,1.5123340059661023,1351,-30.349357763742823,-15.105062881070744,7.105427357601002e-15
1,0.18802071843314141,1351,0.21696967216859475,-15.105062881070744,7.105427357601002e-15
2,1.3417439760040644,1351,-4.2051952808558415,-15.105062881070744,7.105427357601002e-15
3,0.8904596787867857,1351,-14.841909067685789,-15.105062881070744,7.105427357601002e-15
4,0.7849875893652443,1351,5.942808109321623,-15.105062881070744,7.105427357601002e-15
5,1.1585936739306364,1351,-6.6252624253402495,-15.105062881070744,7.105427357601002e-15
6,1.252849751325983,1351,-9.98957663377951,-15.105062881070744,7.105427357601002e-15
7,1.268803203921439,1351,44.74646050884326,-15.105062881070744,7.105427357601002e-15
0,1.5123340059661023,1570,4.427541462900128,-19.398272175490643,1.7763568394002505e-14
1,0.18802071843314141,1570,3.3495146135445912,-19.398272175490643,1.7763568394002505e-14
2,1.3417439760040644,1570,12.771033395386446,-19.398272175490643,1.7763568394002505e-14
3,0.8904596787867857,1570,-3.4236436348547805,-19.398272175490643,1.7763568394002505e-14
4,0.7849875893652443,1570,-19.397393137293808,-19.398272175490643,1.7763568394002505e-14
5,1.1585936739306364,1570,-30.64353328650904,-19.398272175490643,1.7763568394002505e-14
6,1.252849751325983,1570,-8.790359536310152,-19.398272175490643,1.7763568394002505e-14
7,1.268803203921439,1570,22.308567947645987,-19.398272175490643,1.7763568394002505e-14
0,1.5123340059661023,1825,-25.902929488180114,50.280648222802505,0.0
1,0.18802071843314141,1825,5.249663792887077,50.280648222802505,0.0
2,1.3417439760040644,1825,21.696392879542636,50.280648222802505,0.0
3,0.8904596787867857,1825,18.949447497674633,50.280648222802505,0.0
4,0.7849875893652443,1825,21.33174828046825,50.280648222802505,0.0
5,1.1585936739306364,1825,1.4974813972258727,50.280648222802505,0.0
6,1.252849751325983,1825,21.509411951565244,50.280648222802505,0.0
7,1.268803203921439,1825,-14.050568088381093,50.280648222802505,0.0
0,1.5123340059661023,2120,-23.44713470295803,-12.464301584571738,1.9539925233402755e-14
1,0.18802071843314141,2120,3.435003997853764,-12.464301584571738,1.9539925233402755e-14
2,1.3417439760040644,2120,6.209308316557101,-12.464301584571738,1.9539925233402755e-14
3,0.8904596787867857,2120,4.311914528779093,-12.464301584571738,1.9539925233402755e-14
4,0.7849875893652443,2120,10.41520326217854,-12.464301584571738,1.9539925233402755e-14
5,1.1585936739306364,2120,4.294087614422224,-12.464301584571738,1.9539925233402755e-14
6,1.252849751325983,2120,-17.24381885713022,-12.464301584571738,1.9539925233402755e-14
7,1.268803203921439,2120,-0.4388657442742261,-12.464301584571738,1.9539925233402755e-14
0,1.5123340059661023,2464,19.14687957976283,57.4855347808526,2.842170943040401e-14
1,0.18802071843314141,2464,4.754511978443409,57.4855347808526,2.842170943040401e-14
2,1.3417439760040644,2464,18.48392848416058,57.4855347808526,2.842170943040401e-14
3,0.8904596787867857,2464,10.93622848321774,57.4855347808526,2.842170943040401e-14
4,0.7849875893652443,2464,4.911688955809039,57.4855347808526,2.842170943040401e-14
5,1.1585936739306364,2464,16.253977974921455,57.4855347808526,2.842170943040401e-14
6,1.252849751325983,2464,-40.9634275882754,57.4855347808526,2.842170943040401e-14
7,1.268803203921439,2464,23.961746912812917,57.4855347808526,2.842170943040401e-14
0,1.5123340059661023,2863,-33.034818410905565,-48.48389416600698,2.842170943040401e-14
1,0.18802071843314141,2863,4.336885010438079,-48.48389416600698,2.842170943040401e-14
2,1.3417439760040644,2863,-31.154101180630313,-48.48389416600698,2.842170943040401e-14
3,0.8904596787867857,2863,-7.756259625961204,-48.48389416600698,2.842170943040401e-14
4,0.7849875893652443,2863,-5.621345939578882,-48.48389416600698,2.842170943040401e-14
5,1.1585936739306364,2863,22.025748467728356,-48.48389416600698,2.842170943040401e-14
6,1.252849751325983,2863,5.25723196281235,-48.48389416600698,2.842170943040401e-14
7,1.268803203921439,2863,-2.5372344499097785,-48.48389416600698,2.842170943040401e-14
0,1.5123340059661023,3327,-20.25498936269875,-70.55619507199833,1.4210854715202004e-14
1,0.18802071843314141,3327,-3.1087464453036593,-70.55619507199833,1.4210854715202004e-14
2,1.3417439760040644,3327,-12.332498293884308,-70.55619507199833,1.4210854715202004e-14
3,0.8904596787867857,3327,-19.509660827995877,-70.55619507199833,1.4210854715202004e-14
4,0.7849875893652443,3327,-3.5133673785011545,-70.55619507199833,1.4210854715202004e-14
5,1.1585936739306364,3327,-12.725412839864223,-70.55619507199833,1.4210854715202004e-14
6,1.252849751325983,3327,27.607240358955934,-70.55619507199833,1.4210854715202004e-14
7,1.268803203921439,3327,-26.718760282706278,-70.55619507199833,1.4210854715202004e-14
0,1.5123340059661023,3866,-16.874104275393385,0.7186109544751993,1.4210854715202004e-14
1,0.18802071843314141,3866,-1.0621893622826026,0.7186109544751993,1.4210854715202004e-14
2,1.3417439760040644,3866,21.286426386005537,0.7186109544751993,1.4210854715202004e-14
3,0.8904596787867857,3866,-23.430250369220882,0.7186109544751993,1.4210854715202004e-14
4,0.7849875893652443,3866,22.39498994729749,0.7186109544751993,1.4210854715202004e-14
5,1.1585936739306364,3866,18.01046522766533,0.7186109544751993,1.4210854715202004e-14
6,1.252849751325983,3866,7.006939141750915,0.7186109544751993,1.4210854715202004e-14
7,1.268803203921439,3866,-26.613665741347187,0.7186109544751993,1.4210854715202004e-14
0,1.5123340059661023,4493,-57.31982132505405,-106.27383420775512,2.842170943040401e-14
1,0.18802071843314141,4493,-0.21090242317453256,-106.27383420775512,2.842170943040401e-14
2,1.3417439760040644,4493,15.751243401256687,-106.27383420775512,2.842170943040401e-14
3,0.8904596787867857,4493,-8.225158079559177,-106.27383420775512,2.842170943040401e-14
4,0.7849875893652443,4493,-13.136671249159509,-106.27383420775512,2.842170943040401e-14
5,1.1585936739306364,4493,-38.06487788190576,-106.27383420775512,2.842170943040401e-14
6,1.252849751325983,4493,-16.884495572203353,-106.27383420775512,2.842170943040401e-14
7,1.268803203921439,4493,11.816848922044603,-106.27383420775512,2.842170943040401e-14
0,1.5123340059661023,5221,-2.527540153927699,46.39160541254239,7.105427357601002e-15
1,0.18802071843314141,5221,2.718952978901646,46.39160541254239,7.105427357601002e-15
2,1.3417439760040644,5221,22.77314315630507,46.39160541254239,7.105427357601002e-15
3,0.8904596787867857,5221,-29.593460848679804,46.39160541254239,7.105427357601002e-15
4,0.7849875893652443,5221,5.6798101332111814,46.39160541254239,7.105427357601002e-15
5,1.1585936739306364,5221,16.51231950945275,46.39160541254239,7.105427357601002e-15
6,1.252849751325983,5221,8.719821362142847,46.39160541254239,7.105427357601002e-15
7,1.268803203921439,5221,22.108559275136393,46.39160541254239,7.105427357601002e-15
0,1.5123340059661023,6067,-28.569522473597164,-24.64821807865366,3.197442310920451e-14
1,0.18802071843314141,6067,4.163462547476131,-24.64821807865366,3.197442310920451e-14
2,1.3417439760040644,6067,-14.410530796761606,-24.64821807865366,3.197442310920451e-14
3,0.8904596787867857,6067,6.868818722258044,-24.64821807865366,3.197442310920451e-14
4,0.7849875893652443,6067,8.486923203861382,-24.64821807865366,3.197442310920451e-14
5,1.1585936739306364,6067,18.92103195206794,-24.64821807865366,3.197442310920451e-14
6,1.252849751325983,6067,4.631346489705582,-24.64821807865366,3.197442310920451e-14
7,1.268803203921439,6067,-24.73974772366394,-24.64821807865366,3.197442310920451e-14
0,1.5123340059661023,7050,-7.502829137205456,37.32706552314478,1.4210854715202004e-14
1,0.18802071843314141,7050,3.7283348778377707,37.32706552314478,1.4210854715202004e-14
2,1.3417439760040644,7050,34.842261477821005,37.32706552314478,1.4210854715202004e-14
3,0.8904596787867857,7050,-14.947694014062519,37.32706552314478,1.4210854715202004e-14
4,0.7849875893652443,7050,-2.1510538930378083,37.32706552314478,1.4210854715202004e-14
5,1.1585936739306364,7050,29.00951287743839,37.32706552314478,1.4210854715202004e-14
6,1.252849751325983,7050,-4.7687927077409675,37.32706552314478,1.4210854715202004e-14
7,1.268803203921439,7050,-0.8826739579056433,37.32706552314478,1.4210854715202004e-14
0,1.5123340059661023,8192,36.88716354915671,56.63294620501168,1.4210854715202004e-14
1,0.18802071843314141,8192,2.585053397904574,56.63294620501168,1.4210854715202004e-14
2,1.3417439760040644,8192,11.623487576677306,56.63294620501168,1.4210854715202004e-14
3,0.8904596787867857,8192,-9.951810307659162,56.63294620501168,1.4210854715202004e-14
4,0.7849875893652443,8192,-0.9678815198440045,56.63294620501168,1.4210854715202004e-14
5,1.1585936739306364,8192,30.297728301473583,56.63294620501168,1.4210854715202004e-14
6,1.252849751325983,8192,-1.0265252353788101,56.63294620501168,1.4210854715202004e-14
7,1.268803203921439,8192,-12.814269557318502,56.63294620501168,1.4210854715202004e-14
