method,delta,frac_channels_linearizable
rope_base_10k,1,0.75
rope_base_10k,2,0.65625
rope_base_10k,3,0.625
rope_base_10k,4,0.59375
rope_base_10k,5,0.5625
rope_base_10k,6,0.53125
rope_base_10k,7,0.53125
rope_base_10k,8,0.5
rope_base_10k,10,0.5
rope_base_10k,11,0.46875
rope_base_10k,13,0.46875
rope_base_10k,15,0.4375
rope_base_10k,17,0.4375
rope_base_10k,20,0.40625
rope_base_10k,23,0.40625
rope_base_10k,27,0.375
rope_base_10k,32,0.34375
rope_base_10k,37,0.34375
rope_base_10k,43,0.3125
rope_base_10k,50,0.3125
rope_base_10k,58,0.28125
rope_base_10k,67,0.28125
rope_base_10k,78,0.25
rope_base_10k,91,0.25
rope_base_10k,105,0.21875
rope_base_10k,122,0.21875
rope_base_10k,142,0.1875
rope_base_10k,165,0.1875
rope_base_10k,192,0.15625
rope_base_10k,223,0.15625
rope_base_10k,259,0.125
rope_base_10k,301,0.125
rope_base_10k,350,0.09375
rope_base_10k,406,0.09375
rope_base_10k,472,0.0625
rope_base_10k,549,0.0625
rope_base_10k,638,0.03125
rope_base_10k,741,0.03125
rope_base_10k,861,0.0
rope_base_10k,1001,0.0
rope_base_10k,1163,0.0
rope_base_10k,1351,0.0
rope_base_10k,1570,0.0
rope_base_10k,1825,0.0
rope_base_10k,2120,0.0
rope_base_10k,2464,0.0
rope_base_10k,2863,0.0
rope_base_10k,3327,0.0
rope_base_10k,3866,0.0
rope_base_10k,4493,0.0
rope_base_10k,5221,0.0
rope_base_10k,6067,0.0
rope_base_10k,7050,0.0
rope_base_10k,8192,0.0
position_interpolation,1,1.0
position_interpolation,2,1.0
position_interpolation,3,1.0
position_interpolation,4,0.96875
position_interpolation,5,0.9375
position_interpolation,6,0.90625
position_interpolation,7,0.90625
position_interpolation,8,0.875
position_interpolation,10,0.875
position_interpolation,11,0.84375
position_interpolation,13,0.84375
position_interpolation,15,0.8125
position_interpolation,17,0.8125
position_interpolation,20,0.78125
position_interpolation,23,0.78125
position_interpolation,27,0.75
position_interpolation,32,0.75
position_interpolation,37,0.71875
position_interpolation,43,0.6875
position_interpolation,50,0.6875
position_interpolation,58,0.65625
position_interpolation,67,0.65625
position_interpolation,78,0.625
position_interpolation,91,0.625
position_interpolation,105,0.59375
position_interpolation,122,0.59375
position_interpolation,142,0.5625
position_interpolation,165,0.5625
position_interpolation,192,0.53125
position_interpolation,223,0.53125
position_interpolation,259,0.5
position_interpolation,301,0.5
position_interpolation,350,0.46875
position_interpolation,406,0.46875
position_interpolation,472,0.4375
position_interpolation,549,0.4375
position_interpolation,638,0.40625
position_interpolation,741,0.40625
position_interpolation,861,0.375
position_interpolation,1001,0.375
position_interpolation,1163,0.34375
position_interpolation,1351,0.3125
position_interpolation,1570,0.3125
position_interpolation,1825,0.28125
position_interpolation,2120,0.28125
position_interpolation,2464,0.25
position_interpolation,2863,0.25
position_interpolation,3327,0.21875
position_interpolation,3866,0.21875
position_interpolation,4493,0.1875
position_interpolation,5221,0.1875
position_interpolation,6067,0.15625
position_interpolation,7050,0.15625
position_interpolation,8192,0.125
yarn,1,0.75
yarn,2,0.6875
yarn,3,0.65625
yarn,4,0.625
yarn,5,0.59375
yarn,6,0.59375
yarn,7,0.5625
yarn,8,0.5625
yarn,10,0.5625
yarn,11,0.53125
yarn,13,0.53125
yarn,15,0.53125
yarn,17,0.5
yarn,20,0.5
yarn,23,0.5
yarn,27,0.46875
yarn,32,0.46875
yarn,37,0.46875
yarn,43,0.4375
yarn,50,0.4375
yarn,58,0.4375
yarn,67,0.4375
yarn,78,0.40625
yarn,91,0.40625
yarn,105,0.40625
yarn,122,0.40625
yarn,142,0.375
yarn,165,0.375
yarn,192,0.375
yarn,223,0.375
yarn,259,0.375
yarn,301,0.34375
yarn,350,0.34375
yarn,406,0.34375
yarn,472,0.34375
yarn,549,0.34375
yarn,638,0.34375
yarn,741,0.34375
yarn,861,0.34375
yarn,1001,0.34375
yarn,1163,0.34375
yarn,1351,0.3125
yarn,1570,0.3125
yarn,1825,0.28125
yarn,2120,0.28125
yarn,2464,0.25
yarn,2863,0.25
yarn,3327,0.21875
yarn,3866,0.21875
yarn,4493,0.1875
yarn,5221,0.1875
yarn,6067,0.15625
yarn,7050,0.15625
yarn,8192,0.125
base_500k_legacy_claim,1,0.8125
base_500k_legacy_claim,2,0.75
base_500k_legacy_claim,3,0.71875
base_500k_legacy_claim,4,0.71875
base_500k_legacy_claim,5,0.6875
base_500k_legacy_claim,6,0.6875
base_500k_legacy_claim,7,0.65625
base_500k_legacy_claim,8,0.65625
base_500k_legacy_claim,10,0.625
base_500k_legacy_claim,11,0.625
base_500k_legacy_claim,13,0.625
base_500k_legacy_claim,15,0.59375
base_500k_legacy_claim,17,0.59375
base_500k_legacy_claim,20,0.59375
base_500k_legacy_claim,23,0.5625
base_500k_legacy_claim,27,0.5625
base_500k_legacy_claim,32,0.53125
base_500k_legacy_claim,37,0.53125
base_500k_legacy_claim,43,0.53125
base_500k_legacy_claim,50,0.5
base_500k_legacy_claim,58,0.5
base_500k_legacy_claim,67,0.5
base_500k_legacy_claim,78,0.46875
base_500k_legacy_claim,91,0.46875
base_500k_legacy_claim,105,0.46875
base_500k_legacy_claim,122,0.4375
base_500k_legacy_claim,142,0.4375
base_500k_legacy_claim,165,0.40625
base_500k_legacy_claim,192,0.40625
base_500k_legacy_claim,223,0.40625
base_500k_legacy_claim,259,0.375
base_500k_legacy_claim,301,0.375
base_500k_legacy_claim,350,0.375
base_500k_legacy_claim,406,0.34375
base_500k_legacy_claim,472,0.34375
base_500k_legacy_claim,549,0.34375
base_500k_legacy_claim,638,0.3125
base_500k_legacy_claim,741,0.3125
base_500k_legacy_claim,861,0.28125
base_500k_legacy_claim,1001,0.28125
base_500k_legacy_claim,1163,0.28125
base_500k_legacy_claim,1351,0.25
base_500k_legacy_claim,1570,0.25
base_500k_legacy_claim,1825,0.25
base_500k_legacy_claim,2120,0.21875
base_500k_legacy_claim,2464,0.21875
base_500k_legacy_claim,2863,0.1875
base_500k_legacy_claim,3327,0.1875
base_500k_legacy_claim,3866,0.1875
base_500k_legacy_claim,4493,0.15625
base_500k_legacy_claim,5221,0.15625
base_500k_legacy_claim,6067,0.15625
base_500k_legacy_claim,7050,0.125
base_500k_legacy_claim,8192,0.125
