seed,sign_crossing_fraction,cv_magnitude,endpoint_log_ratio
20250929,1.0,0.7286204052808449,-0.6182788131496617
20250930,1.0,0.6870998261305685,-0.2755608002581464
20250931,1.0,0.7349193190489831,0.02618752267185684
20250932,1.0,0.6673743139231134,-0.35142064440347576
20250933,1.0,0.7402148228853275,-0.12957032674880914
20250934,1.0,0.6863578326357516,0.06456416196892031
20250935,1.0,0.7283978704955313,0.011454096863325658
20250936,1.0,0.6797910460911024,0.045832967369943634
20250937,1.0,0.6653697749583367,0.23709173835512676
20250938,1.0,0.7095734878741611,0.14043452049271837
20250939,1.0,0.702273528929489,-0.12875026355306265
20250940,1.0,0.6924183378275938,-0.02222452096298394
